sample;y_rep
y_rep[1];0.1035
y_rep[2];0.098
y_rep[3];0.148
y_rep[4];0.11025
y_rep[5];0.1075
y_rep[6];0.1205
y_rep[7];0.204
y_rep[8];0.18675
y_rep[9];0.105
y_rep[10];0.125
y_rep[11];0.21475
y_rep[12];0.1345
y_rep[13];0.11275
y_rep[14];0.317
y_rep[15];0.5125
y_rep[16];0.23175
y_rep[17];0.21
y_rep[18];0.2535
y_rep[19];0.09925
y_rep[20];0.1135
y_rep[21];0.11175
y_rep[22];0.121
y_rep[23];0.13475
y_rep[24];0.386
y_rep[25];0.1275
y_rep[26];0.20775
y_rep[27];0.11925
y_rep[28];0.123
y_rep[29];0.25525
y_rep[30];0.21775
y_rep[31];0.31325
y_rep[32];0.2725
y_rep[33];0.112
y_rep[34];0.1195
y_rep[35];0.12375
y_rep[36];0.28625
y_rep[37];0.12025
y_rep[38];0.11475
y_rep[39];0.35325
y_rep[40];0.26175
y_rep[41];0.12525
y_rep[42];0.20775
y_rep[43];0.14125
y_rep[44];0.22375
y_rep[45];0.31925
y_rep[46];0.183
y_rep[47];0.12425
y_rep[48];0.119
y_rep[49];0.13075
y_rep[50];0.116
y_rep[51];0.48825
y_rep[52];0.3165
y_rep[53];0.13025
y_rep[54];0.11725
y_rep[55];0.329
y_rep[56];0.17425
y_rep[57];0.347
y_rep[58];0.32075
y_rep[59];0.40725
y_rep[60];0.0995
y_rep[61];0.11875
y_rep[62];0.1205
y_rep[63];0.45125
y_rep[64];0.363
y_rep[65];0.125
y_rep[66];0.3285
y_rep[67];0.1275
y_rep[68];0.12975
y_rep[69];0.339
y_rep[70];0.35275
y_rep[71];0.12225
y_rep[72];0.4345
y_rep[73];0.13125
y_rep[74];0.1225
y_rep[75];0.2335
y_rep[76];0.22925
y_rep[77];0.3855
y_rep[78];0.3325
y_rep[79];0.14475
y_rep[80];0.14625
y_rep[81];0.353
y_rep[82];0.276
y_rep[83];0.13225
y_rep[84];0.34425
y_rep[85];0.137
y_rep[86];0.1115
y_rep[87];0.433
y_rep[88];0.10725
y_rep[89];0.5605
y_rep[90];0.54975
y_rep[91];0.13
y_rep[92];0.1225
y_rep[93];0.5695
y_rep[94];0.1795
y_rep[95];0.12825
y_rep[96];0.1215
y_rep[97];0.281
y_rep[98];0.2315
y_rep[99];0.3085
y_rep[100];0.25125
y_rep[101];0.4735
y_rep[102];0.12425
y_rep[103];0.108
y_rep[104];0.12325
y_rep[105];0.11125
y_rep[106];0.564
y_rep[107];0.58
y_rep[108];0.1315
y_rep[109];0.11575
y_rep[110];0.46
y_rep[111];0.22025
y_rep[112];0.13475
y_rep[113];0.12525
y_rep[114];0.58425
y_rep[115];0.4645
y_rep[116];0.30725
y_rep[117];0.1325
y_rep[118];0.125
y_rep[119];0.2545
y_rep[120];0.12
y_rep[121];0.118
y_rep[122];0.40875
y_rep[123];0.17925
y_rep[124];0.129
y_rep[125];0.10875
y_rep[126];0.286
y_rep[127];0.13325
y_rep[128];0.1255
y_rep[129];0.53625
y_rep[130];0.45925
y_rep[131];0.49725
y_rep[132];0.3325
y_rep[133];0.1265
y_rep[134];0.42425
y_rep[135];0.1355
y_rep[136];0.46525
y_rep[137];0.138
y_rep[138];0.15175
y_rep[139];0.1175
y_rep[140];0.139
y_rep[141];0.12825
y_rep[142];0.127
y_rep[143];0.35725
y_rep[144];0.536
y_rep[145];0.503
y_rep[146];0.13075
y_rep[147];0.223
y_rep[148];0.12275
y_rep[149];0.46625
y_rep[150];0.196
y_rep[151];0.467
y_rep[152];0.13075
y_rep[153];0.13025
y_rep[154];0.11975
y_rep[155];0.11975
y_rep[156];0.12275
y_rep[157];0.26525
y_rep[158];0.204
y_rep[159];0.1415
y_rep[160];0.13275
y_rep[161];0.5195
y_rep[162];0.123
y_rep[163];0.37175
y_rep[164];0.128
y_rep[165];0.171
y_rep[166];0.12925
y_rep[167];0.12575
y_rep[168];0.386
y_rep[169];0.12825
y_rep[170];0.44175
y_rep[171];0.357
y_rep[172];0.13225
y_rep[173];0.1185
y_rep[174];0.58525
y_rep[175];0.47825
y_rep[176];0.12125
y_rep[177];0.491
y_rep[178];0.145
y_rep[179];0.374
y_rep[180];0.271
y_rep[181];0.17775
y_rep[182];0.56
y_rep[183];0.14325
y_rep[184];0.12225
y_rep[185];0.1235
y_rep[186];0.57875
y_rep[187];0.371
y_rep[188];0.49425
y_rep[189];0.58225
y_rep[190];0.49675
y_rep[191];0.143
y_rep[192];0.1225
y_rep[193];0.1225
y_rep[194];0.12975
y_rep[195];0.1335
y_rep[196];0.23325
y_rep[197];0.34225
y_rep[198];0.12
y_rep[199];0.13625
y_rep[200];0.41825
y_rep[201];0.13675
y_rep[202];0.46475
y_rep[203];0.129
y_rep[204];0.569
y_rep[205];0.39625
y_rep[206];0.13725
y_rep[207];0.56825
y_rep[208];0.13125
y_rep[209];0.228
y_rep[210];0.304
y_rep[211];0.4075
y_rep[212];0.14275
y_rep[213];0.43725
y_rep[214];0.323
y_rep[215];0.11975
y_rep[216];0.54875
y_rep[217];0.143
y_rep[218];0.3545
y_rep[219];0.128
y_rep[220];0.31975
y_rep[221];0.2195
y_rep[222];0.1335
y_rep[223];0.128
y_rep[224];0.4685
y_rep[225];0.221
y_rep[226];0.141
y_rep[227];0.132
y_rep[228];0.129
y_rep[229];0.58675
y_rep[230];0.51925
y_rep[231];0.13425
y_rep[232];0.135
y_rep[233];0.39975
y_rep[234];0.17475
y_rep[235];0.134
y_rep[236];0.1285
y_rep[237];0.28675
y_rep[238];0.26625
y_rep[239];0.41
y_rep[240];0.367
y_rep[241];0.1805
y_rep[242];0.37475
y_rep[243];0.574
y_rep[244];0.20475
y_rep[245];0.57075
y_rep[246];0.16125
y_rep[247];0.1495
y_rep[248];0.55225
y_rep[249];0.49225
y_rep[250];0.12175
y_rep[251];0.13975
y_rep[252];0.13425
y_rep[253];0.13775
y_rep[254];0.30675
y_rep[255];0.135
y_rep[256];0.27575
y_rep[257];0.14325
y_rep[258];0.13075
y_rep[259];0.29075
y_rep[260];0.211
y_rep[261];0.11725
y_rep[262];0.37775
y_rep[263];0.3315
y_rep[264];0.13825
y_rep[265];0.1485
y_rep[266];0.4835
y_rep[267];0.17175
y_rep[268];0.15175
y_rep[269];0.13975
y_rep[270];0.545
y_rep[271];0.5125
y_rep[272];0.11675
y_rep[273];0.12275
y_rep[274];0.5655
y_rep[275];0.52025
y_rep[276];0.137
y_rep[277];0.37
y_rep[278];0.1385
y_rep[279];0.13375
y_rep[280];0.376
y_rep[281];0.32625
y_rep[282];0.14425
y_rep[283];0.12775
y_rep[284];0.12775
y_rep[285];0.1315
y_rep[286];0.306
y_rep[287];0.258
y_rep[288];0.1945
y_rep[289];0.2155
y_rep[290];0.20075
y_rep[291];0.58125
y_rep[292];0.549
y_rep[293];0.141
y_rep[294];0.16675
y_rep[295];0.14675
y_rep[296];0.30775
y_rep[297];0.13775
y_rep[298];0.27425
y_rep[299];0.15225
y_rep[300];0.121
y_rep[301];0.53
y_rep[302];0.12625
y_rep[303];0.13225
y_rep[304];0.32175
y_rep[305];0.141
y_rep[306];0.147
y_rep[307];0.565
y_rep[308];0.543
y_rep[309];0.389
y_rep[310];0.13575
y_rep[311];0.128
y_rep[312];0.53525
y_rep[313];0.139
y_rep[314];0.129
y_rep[315];0.21675
y_rep[316];0.18725
y_rep[317];0.13175
y_rep[318];0.4405
y_rep[319];0.45425
y_rep[320];0.34975
y_rep[321];0.19275
y_rep[322];0.13575
y_rep[323];0.3535
y_rep[324];0.5815
y_rep[325];0.1335
y_rep[326];0.1465
y_rep[327];0.1175
y_rep[328];0.13025
y_rep[329];0.14075
y_rep[330];0.1265
y_rep[331];0.176
y_rep[332];0.134
y_rep[333];0.5575
y_rep[334];0.1425
y_rep[335];0.49725
y_rep[336];0.1435
y_rep[337];0.13375
y_rep[338];0.56375
y_rep[339];0.33425
y_rep[340];0.1895
y_rep[341];0.32275
y_rep[342];0.235
y_rep[343];0.48925
y_rep[344];0.50725
y_rep[345];0.5535
y_rep[346];0.582
y_rep[347];0.581
y_rep[348];0.153
y_rep[349];0.512
y_rep[350];0.14875
y_rep[351];0.5795
y_rep[352];0.4265
y_rep[353];0.2865
y_rep[354];0.1545
y_rep[355];0.13125
y_rep[356];0.14525
y_rep[357];0.549
y_rep[358];0.1395
y_rep[359];0.1435
y_rep[360];0.476
y_rep[361];0.5795
y_rep[362];0.12875
y_rep[363];0.145
y_rep[364];0.1335
y_rep[365];0.54475
y_rep[366];0.4545
y_rep[367];0.1405
y_rep[368];0.13075
y_rep[369];0.5435
y_rep[370];0.5765
y_rep[371];0.14775
y_rep[372];0.538
y_rep[373];0.1365
y_rep[374];0.1475
y_rep[375];0.31475
y_rep[376];0.14875
y_rep[377];0.139
y_rep[378];0.13075
y_rep[379];0.1505
y_rep[380];0.13575
y_rep[381];0.12125
y_rep[382];0.14725
y_rep[383];0.37575
y_rep[384];0.309
y_rep[385];0.58025
y_rep[386];0.568
y_rep[387];0.584
y_rep[388];0.139
y_rep[389];0.36725
y_rep[390];0.24675
y_rep[391];0.14025
y_rep[392];0.4705
y_rep[393];0.25525
y_rep[394];0.13475
y_rep[395];0.13525
y_rep[396];0.13025
y_rep[397];0.15075
y_rep[398];0.15025
y_rep[399];0.58425
y_rep[400];0.202
y_rep[401];0.1355
y_rep[402];0.5255
y_rep[403];0.5515
y_rep[404];0.15275
y_rep[405];0.537
y_rep[406];0.141
y_rep[407];0.15125
y_rep[408];0.5655
y_rep[409];0.135
y_rep[410];0.1435
y_rep[411];0.1205
y_rep[412];0.56
y_rep[413];0.324
y_rep[414];0.17425
y_rep[415];0.41975
y_rep[416];0.33925
y_rep[417];0.58225
y_rep[418];0.164
y_rep[419];0.1445
y_rep[420];0.1435
y_rep[421];0.14825
y_rep[422];0.14225
y_rep[423];0.1415
y_rep[424];0.135
y_rep[425];0.5885
y_rep[426];0.127
y_rep[427];0.12675
y_rep[428];0.15125
y_rep[429];0.5615
y_rep[430];0.16075
y_rep[431];0.141
y_rep[432];0.5395
y_rep[433];0.52625
y_rep[434];0.134
y_rep[435];0.14275
y_rep[436];0.1445
y_rep[437];0.13875
y_rep[438];0.46075
y_rep[439];0.312
y_rep[440];0.137
y_rep[441];0.12625
y_rep[442];0.37825
y_rep[443];0.1625
y_rep[444];0.5405
y_rep[445];0.13625
y_rep[446];0.56625
y_rep[447];0.18825
y_rep[448];0.527
y_rep[449];0.50275
y_rep[450];0.593
y_rep[451];0.44275
y_rep[452];0.354
y_rep[453];0.3625
y_rep[454];0.232
y_rep[455];0.15525
y_rep[456];0.589
y_rep[457];0.121
y_rep[458];0.17475
y_rep[459];0.1635
y_rep[460];0.14125
y_rep[461];0.15875
y_rep[462];0.151
y_rep[463];0.1545
y_rep[464];0.142
y_rep[465];0.14425
y_rep[466];0.31225
y_rep[467];0.28725
y_rep[468];0.14675
y_rep[469];0.13925
y_rep[470];0.1585
y_rep[471];0.49775
y_rep[472];0.42075
y_rep[473];0.12925
y_rep[474];0.53125
y_rep[475];0.13375
y_rep[476];0.55625
y_rep[477];0.58625
y_rep[478];0.139
y_rep[479];0.46725
y_rep[480];0.43275
y_rep[481];0.14225
y_rep[482];0.4655
y_rep[483];0.138
y_rep[484];0.1805
y_rep[485];0.14525
y_rep[486];0.15075
y_rep[487];0.31525
y_rep[488];0.5835
y_rep[489];0.1515
y_rep[490];0.122
y_rep[491];0.52575
y_rep[492];0.26625
y_rep[493];0.49975
y_rep[494];0.158
y_rep[495];0.1395
y_rep[496];0.524
y_rep[497];0.154
y_rep[498];0.1405
y_rep[499];0.5485
y_rep[500];0.13675
y_rep[501];0.1545
y_rep[502];0.473
y_rep[503];0.56825
y_rep[504];0.1485
y_rep[505];0.1465
y_rep[506];0.47775
y_rep[507];0.1505
y_rep[508];0.13925
y_rep[509];0.57975
y_rep[510];0.57225
y_rep[511];0.15975
y_rep[512];0.1375
y_rep[513];0.23425
y_rep[514];0.19525
y_rep[515];0.16125
y_rep[516];0.1415
y_rep[517];0.41475
y_rep[518];0.15175
y_rep[519];0.1385
y_rep[520];0.132
y_rep[521];0.45275
y_rep[522];0.3685
y_rep[523];0.139
y_rep[524];0.151
y_rep[525];0.2085
y_rep[526];0.1665
y_rep[527];0.29375
y_rep[528];0.17775
y_rep[529];0.24125
y_rep[530];0.39
y_rep[531];0.5545
y_rep[532];0.54
y_rep[533];0.28625
y_rep[534];0.5765
y_rep[535];0.55175
y_rep[536];0.1475
y_rep[537];0.12725
y_rep[538];0.15225
y_rep[539];0.4875
y_rep[540];0.1675
y_rep[541];0.1525
y_rep[542];0.15625
y_rep[543];0.56475
y_rep[544];0.15025
y_rep[545];0.53475
y_rep[546];0.58325
y_rep[547];0.34225
y_rep[548];0.5705
y_rep[549];0.4095
y_rep[550];0.1565
y_rep[551];0.1475
y_rep[552];0.151
y_rep[553];0.1495
y_rep[554];0.1465
y_rep[555];0.1525
y_rep[556];0.14475
y_rep[557];0.263
y_rep[558];0.2115
y_rep[559];0.1455
y_rep[560];0.51675
y_rep[561];0.24425
y_rep[562];0.15075
y_rep[563];0.16325
y_rep[564];0.1355
y_rep[565];0.14575
y_rep[566];0.52075
y_rep[567];0.26275
y_rep[568];0.56125
y_rep[569];0.14625
y_rep[570];0.14075
y_rep[571];0.5765
y_rep[572];0.48725
y_rep[573];0.153
y_rep[574];0.14025
y_rep[575];0.54925
y_rep[576];0.56175
y_rep[577];0.16275
y_rep[578];0.127
y_rep[579];0.14325
y_rep[580];0.15025
y_rep[581];0.37775
y_rep[582];0.23125
y_rep[583];0.16725
y_rep[584];0.226
y_rep[585];0.15325
y_rep[586];0.20825
y_rep[587];0.57925
y_rep[588];0.5265
y_rep[589];0.56525
y_rep[590];0.58175
y_rep[591];0.16525
y_rep[592];0.155
y_rep[593];0.15875
y_rep[594];0.153
y_rep[595];0.15425
y_rep[596];0.1485
y_rep[597];0.38725
y_rep[598];0.509
y_rep[599];0.14975
y_rep[600];0.14475
y_rep[601];0.56375
y_rep[602];0.5655
y_rep[603];0.15475
y_rep[604];0.1495
y_rep[605];0.402
y_rep[606];0.20475
y_rep[607];0.16325
y_rep[608];0.54725
y_rep[609];0.5125
y_rep[610];0.57725
y_rep[611];0.1535
y_rep[612];0.14775
y_rep[613];0.3945
y_rep[614];0.56275
y_rep[615];0.14425
y_rep[616];0.13175
y_rep[617];0.58875
y_rep[618];0.55025
y_rep[619];0.36225
y_rep[620];0.14075
y_rep[621];0.13925
y_rep[622];0.4375
y_rep[623];0.15
y_rep[624];0.1485
y_rep[625];0.51475
y_rep[626];0.57975
y_rep[627];0.575
y_rep[628];0.155
y_rep[629];0.13825
y_rep[630];0.58
y_rep[631];0.45425
y_rep[632];0.148
y_rep[633];0.15625
y_rep[634];0.5705
y_rep[635];0.56625
y_rep[636];0.1395
y_rep[637];0.58675
y_rep[638];0.33375
y_rep[639];0.15
y_rep[640];0.5685
y_rep[641];0.15525
y_rep[642];0.1825
y_rep[643];0.16525
y_rep[644];0.15975
y_rep[645];0.46625
y_rep[646];0.55625
y_rep[647];0.15175
y_rep[648];0.141
y_rep[649];0.134
y_rep[650];0.147
y_rep[651];0.1445
y_rep[652];0.53225
y_rep[653];0.56225
y_rep[654];0.144
y_rep[655];0.14975
y_rep[656];0.4415
y_rep[657];0.23425
y_rep[658];0.581
y_rep[659];0.15675
y_rep[660];0.5695
y_rep[661];0.379
y_rep[662];0.14525
y_rep[663];0.16125
y_rep[664];0.16125
y_rep[665];0.5285
y_rep[666];0.4685
y_rep[667];0.2715
y_rep[668];0.147
y_rep[669];0.56875
y_rep[670];0.2915
y_rep[671];0.583
y_rep[672];0.577
y_rep[673];0.1565
y_rep[674];0.19575
y_rep[675];0.551
y_rep[676];0.156
y_rep[677];0.14525
y_rep[678];0.58025
y_rep[679];0.58275
y_rep[680];0.204
y_rep[681];0.15425
y_rep[682];0.535
y_rep[683];0.589
y_rep[684];0.15
y_rep[685];0.1315
y_rep[686];0.534
y_rep[687];0.4455
y_rep[688];0.16725
y_rep[689];0.15625
y_rep[690];0.5265
y_rep[691];0.15775
y_rep[692];0.13775
y_rep[693];0.22025
y_rep[694];0.50875
y_rep[695];0.5285
y_rep[696];0.1345
y_rep[697];0.54425
y_rep[698];0.471
y_rep[699];0.584
y_rep[700];0.13425
y_rep[701];0.137
y_rep[702];0.56375
y_rep[703];0.2805
y_rep[704];0.137
y_rep[705];0.15525
y_rep[706];0.182
y_rep[707];0.15475
y_rep[708];0.54025
y_rep[709];0.4845
y_rep[710];0.1425
y_rep[711];0.31275
y_rep[712];0.58125
y_rep[713];0.17225
y_rep[714];0.153
y_rep[715];0.50725
y_rep[716];0.468
y_rep[717];0.14425
y_rep[718];0.52475
y_rep[719];0.5655
y_rep[720];0.58975
y_rep[721];0.4345
y_rep[722];0.14075
y_rep[723];0.174
y_rep[724];0.15275
y_rep[725];0.13325
y_rep[726];0.255
y_rep[727];0.54075
y_rep[728];0.43175
y_rep[729];0.17
y_rep[730];0.169
y_rep[731];0.1585
y_rep[732];0.13825
y_rep[733];0.45975
y_rep[734];0.13225
y_rep[735];0.1535
y_rep[736];0.17525
y_rep[737];0.16075
y_rep[738];0.57175
y_rep[739];0.578
y_rep[740];0.1665
y_rep[741];0.15525
y_rep[742];0.4145
y_rep[743];0.17625
y_rep[744];0.369
y_rep[745];0.28775
y_rep[746];0.139
y_rep[747];0.14325
y_rep[748];0.57775
y_rep[749];0.1585
y_rep[750];0.5535
y_rep[751];0.165
y_rep[752];0.46575
y_rep[753];0.53575
y_rep[754];0.1395
y_rep[755];0.5855
y_rep[756];0.5905
y_rep[757];0.13625
y_rep[758];0.1455
y_rep[759];0.18175
y_rep[760];0.13575
y_rep[761];0.5745
y_rep[762];0.57125
y_rep[763];0.576
y_rep[764];0.135
y_rep[765];0.15625
y_rep[766];0.15425
y_rep[767];0.173
y_rep[768];0.309
y_rep[769];0.2335
y_rep[770];0.57875
y_rep[771];0.15025
y_rep[772];0.14975
y_rep[773];0.14875
y_rep[774];0.166
y_rep[775];0.54675
y_rep[776];0.1385
y_rep[777];0.148
y_rep[778];0.57025
y_rep[779];0.15025
y_rep[780];0.562
y_rep[781];0.5955
y_rep[782];0.57225
y_rep[783];0.4575
y_rep[784];0.13725
y_rep[785];0.14225
y_rep[786];0.5695
y_rep[787];0.57625
y_rep[788];0.2965
y_rep[789];0.1615
y_rep[790];0.5475
y_rep[791];0.1495
y_rep[792];0.587
y_rep[793];0.595
y_rep[794];0.1415
y_rep[795];0.58025
y_rep[796];0.5725
y_rep[797];0.1635
y_rep[798];0.14325
y_rep[799];0.4255
y_rep[800];0.38225
y_rep[801];0.164
y_rep[802];0.16075
y_rep[803];0.156
y_rep[804];0.5705
y_rep[805];0.359
y_rep[806];0.1495
y_rep[807];0.16025
y_rep[808];0.14875
y_rep[809];0.16225
y_rep[810];0.249
y_rep[811];0.185
y_rep[812];0.1575
y_rep[813];0.4815
y_rep[814];0.49525
y_rep[815];0.479
y_rep[816];0.5595
y_rep[817];0.196
y_rep[818];0.28625
y_rep[819];0.54875
y_rep[820];0.5245
y_rep[821];0.17675
y_rep[822];0.16075
y_rep[823];0.59625
y_rep[824];0.489
y_rep[825];0.51575
y_rep[826];0.15625
y_rep[827];0.159
y_rep[828];0.53925
y_rep[829];0.37325
y_rep[830];0.15475
y_rep[831];0.14375
y_rep[832];0.425
y_rep[833];0.2655
y_rep[834];0.17525
y_rep[835];0.1565
y_rep[836];0.143
y_rep[837];0.4535
y_rep[838];0.50475
y_rep[839];0.14125
y_rep[840];0.55225
y_rep[841];0.3645
y_rep[842];0.15725
y_rep[843];0.1485
y_rep[844];0.475
y_rep[845];0.4065
y_rep[846];0.156
y_rep[847];0.1655
y_rep[848];0.50475
y_rep[849];0.57225
y_rep[850];0.15025
y_rep[851];0.12925
y_rep[852];0.15
y_rep[853];0.52325
y_rep[854];0.13275
y_rep[855];0.4135
y_rep[856];0.1595
y_rep[857];0.14875
y_rep[858];0.17
y_rep[859];0.15375
y_rep[860];0.406
y_rep[861];0.42775
y_rep[862];0.58
y_rep[863];0.17925
y_rep[864];0.1605
y_rep[865];0.547
y_rep[866];0.18875
y_rep[867];0.156
y_rep[868];0.20575
y_rep[869];0.34425
y_rep[870];0.17925
y_rep[871];0.16625
y_rep[872];0.15125
y_rep[873];0.57225
y_rep[874];0.57375
y_rep[875];0.15425
y_rep[876];0.5495
y_rep[877];0.15525
y_rep[878];0.14325
y_rep[879];0.5205
y_rep[880];0.53475
y_rep[881];0.473
y_rep[882];0.1535
y_rep[883];0.57225
y_rep[884];0.52125
y_rep[885];0.156
y_rep[886];0.1665
y_rep[887];0.1685
y_rep[888];0.16175
y_rep[889];0.16125
y_rep[890];0.22775
y_rep[891];0.56675
y_rep[892];0.515
y_rep[893];0.59575
y_rep[894];0.1795
y_rep[895];0.5535
y_rep[896];0.423
y_rep[897];0.55075
y_rep[898];0.152
y_rep[899];0.4145
y_rep[900];0.1715
y_rep[901];0.44425
y_rep[902];0.1935
y_rep[903];0.14875
y_rep[904];0.42175
y_rep[905];0.434
y_rep[906];0.19725
y_rep[907];0.1565
y_rep[908];0.175
y_rep[909];0.16525
y_rep[910];0.156
y_rep[911];0.57375
y_rep[912];0.43775
y_rep[913];0.157
y_rep[914];0.15725
y_rep[915];0.57625
y_rep[916];0.28475
y_rep[917];0.1745
y_rep[918];0.1385
y_rep[919];0.5915
y_rep[920];0.58225
y_rep[921];0.17925
y_rep[922];0.148
y_rep[923];0.5195
y_rep[924];0.2055
y_rep[925];0.15875
y_rep[926];0.39325
y_rep[927];0.3595
y_rep[928];0.1575
y_rep[929];0.57875
y_rep[930];0.15925
y_rep[931];0.14925
y_rep[932];0.435
y_rep[933];0.49
y_rep[934];0.16175
y_rep[935];0.192
y_rep[936];0.58125
y_rep[937];0.56225
y_rep[938];0.47
y_rep[939];0.23575
y_rep[940];0.38025
y_rep[941];0.19275
y_rep[942];0.20275
y_rep[943];0.5555
y_rep[944];0.18075
y_rep[945];0.53975
y_rep[946];0.14225
y_rep[947];0.43075
y_rep[948];0.17925
y_rep[949];0.551
y_rep[950];0.50525
y_rep[951];0.5835
y_rep[952];0.17475
y_rep[953];0.16025
y_rep[954];0.432
y_rep[955];0.442
y_rep[956];0.15625
y_rep[957];0.15475
y_rep[958];0.4165
y_rep[959];0.468
y_rep[960];0.224
y_rep[961];0.16275
y_rep[962];0.551
y_rep[963];0.58725
y_rep[964];0.16875
y_rep[965];0.358
y_rep[966];0.477
y_rep[967];0.454
y_rep[968];0.1645
y_rep[969];0.15625
y_rep[970];0.38125
y_rep[971];0.17025
y_rep[972];0.5295
y_rep[973];0.54725
y_rep[974];0.15875
y_rep[975];0.473
y_rep[976];0.1805
y_rep[977];0.1525
y_rep[978];0.51475
y_rep[979];0.56675
y_rep[980];0.13625
y_rep[981];0.50175
y_rep[982];0.15825
y_rep[983];0.45875
y_rep[984];0.28675
y_rep[985];0.43775
y_rep[986];0.58575
y_rep[987];0.1595
y_rep[988];0.1705
y_rep[989];0.1715
y_rep[990];0.167
y_rep[991];0.16275
y_rep[992];0.582
y_rep[993];0.17775
y_rep[994];0.15275
y_rep[995];0.176
y_rep[996];0.1465
y_rep[997];0.5745
y_rep[998];0.448
y_rep[999];0.163
y_rep[1000];0.15625
y_rep[1001];0.42925
y_rep[1002];0.50175
y_rep[1003];0.14475
y_rep[1004];0.18875
y_rep[1005];0.5255
y_rep[1006];0.57425
y_rep[1007];0.564
y_rep[1008];0.1685
y_rep[1009];0.16925
y_rep[1010];0.3915
y_rep[1011];0.58475
y_rep[1012];0.49875
y_rep[1013];0.17325
y_rep[1014];0.154
y_rep[1015];0.38075
y_rep[1016];0.237
y_rep[1017];0.42875
y_rep[1018];0.166
y_rep[1019];0.16175
y_rep[1020];0.361
y_rep[1021];0.37625
y_rep[1022];0.5615
y_rep[1023];0.14925
y_rep[1024];0.136
y_rep[1025];0.16025
y_rep[1026];0.5975
y_rep[1027];0.46025
y_rep[1028];0.396
y_rep[1029];0.16125
y_rep[1030];0.172
y_rep[1031];0.43575
y_rep[1032];0.41675
y_rep[1033];0.43475
y_rep[1034];0.46625
y_rep[1035];0.4255
y_rep[1036];0.20375
y_rep[1037];0.52025
y_rep[1038];0.163
y_rep[1039];0.16825
y_rep[1040];0.1675
y_rep[1041];0.54675
y_rep[1042];0.1575
y_rep[1043];0.18075
y_rep[1044];0.16975
y_rep[1045];0.475
y_rep[1046];0.163
y_rep[1047];0.56075
y_rep[1048];0.16375
y_rep[1049];0.1595
y_rep[1050];0.21925
y_rep[1051];0.17525
y_rep[1052];0.154
y_rep[1053];0.174
y_rep[1054];0.16475
y_rep[1055];0.5665
y_rep[1056];0.3155
y_rep[1057];0.1655
y_rep[1058];0.1625
y_rep[1059];0.5605
y_rep[1060];0.162
y_rep[1061];0.15775
y_rep[1062];0.5785
y_rep[1063];0.4715
y_rep[1064];0.1525
y_rep[1065];0.14825
y_rep[1066];0.16825
y_rep[1067];0.1695
y_rep[1068];0.15
y_rep[1069];0.56275
y_rep[1070];0.1585
y_rep[1071];0.162
y_rep[1072];0.35725
y_rep[1073];0.4505
y_rep[1074];0.16175
y_rep[1075];0.1855
y_rep[1076];0.16125
y_rep[1077];0.58925
y_rep[1078];0.46675
y_rep[1079];0.4725
y_rep[1080];0.5765
y_rep[1081];0.17925
y_rep[1082];0.17375
y_rep[1083];0.49175
y_rep[1084];0.5745
y_rep[1085];0.165
y_rep[1086];0.1325
y_rep[1087];0.411
y_rep[1088];0.384
y_rep[1089];0.16575
y_rep[1090];0.16525
y_rep[1091];0.22125
y_rep[1092];0.174
y_rep[1093];0.1755
y_rep[1094];0.18925
y_rep[1095];0.15975
y_rep[1096];0.3795
y_rep[1097];0.575
y_rep[1098];0.422
y_rep[1099];0.167
y_rep[1100];0.17625
y_rep[1101];0.59875
y_rep[1102];0.44075
y_rep[1103];0.16225
y_rep[1104];0.56325
y_rep[1105];0.41175
y_rep[1106];0.1595
y_rep[1107];0.16025
y_rep[1108];0.385
y_rep[1109];0.15725
y_rep[1110];0.19025
y_rep[1111];0.28875
y_rep[1112];0.537
y_rep[1113];0.1805
y_rep[1114];0.582
y_rep[1115];0.57775
y_rep[1116];0.39125
y_rep[1117];0.15425
y_rep[1118];0.1855
y_rep[1119];0.4045
y_rep[1120];0.18525
y_rep[1121];0.16075
y_rep[1122];0.1505
y_rep[1123];0.4755
y_rep[1124];0.41725
y_rep[1125];0.1325
y_rep[1126];0.57725
y_rep[1127];0.16875
y_rep[1128];0.15725
y_rep[1129];0.169
y_rep[1130];0.18725
y_rep[1131];0.49975
y_rep[1132];0.54
y_rep[1133];0.17375
y_rep[1134];0.15525
y_rep[1135];0.41925
y_rep[1136];0.45275
y_rep[1137];0.15225
y_rep[1138];0.58275
y_rep[1139];0.559
y_rep[1140];0.17825
y_rep[1141];0.18875
y_rep[1142];0.37725
y_rep[1143];0.17425
y_rep[1144];0.3545
y_rep[1145];0.48575
y_rep[1146];0.16775
y_rep[1147];0.16825
y_rep[1148];0.48975
y_rep[1149];0.58075
y_rep[1150];0.18375
y_rep[1151];0.1505
y_rep[1152];0.565
y_rep[1153];0.5875
y_rep[1154];0.17575
y_rep[1155];0.2
y_rep[1156];0.1705
y_rep[1157];0.1725
y_rep[1158];0.5455
y_rep[1159];0.57875
y_rep[1160];0.33975
y_rep[1161];0.5005
y_rep[1162];0.1735
y_rep[1163];0.51875
y_rep[1164];0.17725
y_rep[1165];0.1635
y_rep[1166];0.18075
y_rep[1167];0.60575
y_rep[1168];0.3625
y_rep[1169];0.1475
y_rep[1170];0.3745
y_rep[1171];0.16325
y_rep[1172];0.162
y_rep[1173];0.55025
y_rep[1174];0.51875
y_rep[1175];0.1665
y_rep[1176];0.1675
y_rep[1177];0.54725
y_rep[1178];0.27525
y_rep[1179];0.18725
y_rep[1180];0.16775
y_rep[1181];0.18525
y_rep[1182];0.43975
y_rep[1183];0.5275
y_rep[1184];0.186
y_rep[1185];0.165
y_rep[1186];0.479
y_rep[1187];0.50825
y_rep[1188];0.1755
y_rep[1189];0.187
y_rep[1190];0.47675
y_rep[1191];0.16975
y_rep[1192];0.14925
y_rep[1193];0.5785
y_rep[1194];0.58475
y_rep[1195];0.24775
y_rep[1196];0.1625
y_rep[1197];0.17575
y_rep[1198];0.16325
y_rep[1199];0.4675
y_rep[1200];0.34025
y_rep[1201];0.43025
y_rep[1202];0.16075
y_rep[1203];0.163
y_rep[1204];0.27775
y_rep[1205];0.1905
y_rep[1206];0.177
y_rep[1207];0.43925
y_rep[1208];0.182
y_rep[1209];0.168
y_rep[1210];0.578
y_rep[1211];0.42475
y_rep[1212];0.5675
y_rep[1213];0.57825
y_rep[1214];0.16525
y_rep[1215];0.1525
y_rep[1216];0.3575
y_rep[1217];0.169
y_rep[1218];0.32325
y_rep[1219];0.5755
y_rep[1220];0.4865
y_rep[1221];0.4965
y_rep[1222];0.174
y_rep[1223];0.2975
y_rep[1224];0.18375
y_rep[1225];0.1775
y_rep[1226];0.1615
y_rep[1227];0.31875
y_rep[1228];0.17875
y_rep[1229];0.558
y_rep[1230];0.17825
y_rep[1231];0.167
y_rep[1232];0.36525
y_rep[1233];0.1755
y_rep[1234];0.35875
y_rep[1235];0.15125
y_rep[1236];0.41225
y_rep[1237];0.32875
y_rep[1238];0.18475
y_rep[1239];0.39225
y_rep[1240];0.4705
y_rep[1241];0.18725
y_rep[1242];0.163
y_rep[1243];0.17075
y_rep[1244];0.161
y_rep[1245];0.58475
y_rep[1246];0.16475
y_rep[1247];0.16025
y_rep[1248];0.185
y_rep[1249];0.17125
y_rep[1250];0.1915
y_rep[1251];0.43725
y_rep[1252];0.492
y_rep[1253];0.35725
y_rep[1254];0.48025
y_rep[1255];0.195
y_rep[1256];0.187
y_rep[1257];0.184
y_rep[1258];0.153
y_rep[1259];0.3335
y_rep[1260];0.17275
y_rep[1261];0.2595
y_rep[1262];0.4325
y_rep[1263];0.16575
y_rep[1264];0.1715
y_rep[1265];0.47275
y_rep[1266];0.43375
y_rep[1267];0.1735
y_rep[1268];0.1965
y_rep[1269];0.17625
y_rep[1270];0.291
y_rep[1271];0.207
y_rep[1272];0.17125
y_rep[1273];0.53225
y_rep[1274];0.58075
y_rep[1275];0.1815
y_rep[1276];0.17
y_rep[1277];0.42125
y_rep[1278];0.54875
y_rep[1279];0.162
y_rep[1280];0.567
y_rep[1281];0.471
y_rep[1282];0.1625
y_rep[1283];0.16475
y_rep[1284];0.56725
y_rep[1285];0.55625
y_rep[1286];0.18775
y_rep[1287];0.17125
y_rep[1288];0.5855
y_rep[1289];0.5805
y_rep[1290];0.17275
y_rep[1291];0.38
y_rep[1292];0.40375
y_rep[1293];0.162
y_rep[1294];0.15
y_rep[1295];0.354
y_rep[1296];0.54825
y_rep[1297];0.17675
y_rep[1298];0.5955
y_rep[1299];0.38775
y_rep[1300];0.54275
y_rep[1301];0.50025
y_rep[1302];0.17425
y_rep[1303];0.191
y_rep[1304];0.164
y_rep[1305];0.38825
y_rep[1306];0.34875
y_rep[1307];0.171
y_rep[1308];0.17525
y_rep[1309];0.554
y_rep[1310];0.377
y_rep[1311];0.4445
y_rep[1312];0.17375
y_rep[1313];0.16925
y_rep[1314];0.56975
y_rep[1315];0.5925
y_rep[1316];0.18875
y_rep[1317];0.199
y_rep[1318];0.18025
y_rep[1319];0.46425
y_rep[1320];0.489
y_rep[1321];0.24975
y_rep[1322];0.18475
y_rep[1323];0.587
y_rep[1324];0.41075
y_rep[1325];0.373
y_rep[1326];0.40675
y_rep[1327];0.17925
y_rep[1328];0.16625
y_rep[1329];0.222
y_rep[1330];0.21625
y_rep[1331];0.18475
y_rep[1332];0.587
y_rep[1333];0.457
y_rep[1334];0.5895
y_rep[1335];0.4755
y_rep[1336];0.52575
y_rep[1337];0.1925
y_rep[1338];0.18075
y_rep[1339];0.22
y_rep[1340];0.5485
y_rep[1341];0.45525
y_rep[1342];0.4005
y_rep[1343];0.21425
y_rep[1344];0.33175
y_rep[1345];0.18975
y_rep[1346];0.18225
y_rep[1347];0.26075
y_rep[1348];0.25925
y_rep[1349];0.37675
y_rep[1350];0.58075
y_rep[1351];0.17775
y_rep[1352];0.52225
y_rep[1353];0.1965
y_rep[1354];0.41025
y_rep[1355];0.198
y_rep[1356];0.17175
y_rep[1357];0.5265
y_rep[1358];0.564
y_rep[1359];0.382
y_rep[1360];0.19175
y_rep[1361];0.1925
y_rep[1362];0.5815
y_rep[1363];0.36275
y_rep[1364];0.38125
y_rep[1365];0.369
y_rep[1366];0.192
y_rep[1367];0.222
y_rep[1368];0.168
y_rep[1369];0.3425
y_rep[1370];0.45725
y_rep[1371];0.377
y_rep[1372];0.4455
y_rep[1373];0.1845
y_rep[1374];0.18
y_rep[1375];0.57825
y_rep[1376];0.20325
y_rep[1377];0.17925
y_rep[1378];0.587
y_rep[1379];0.57575
y_rep[1380];0.23375
y_rep[1381];0.19725
y_rep[1382];0.44325
y_rep[1383];0.536
y_rep[1384];0.19325
y_rep[1385];0.19525
y_rep[1386];0.4085
y_rep[1387];0.52
y_rep[1388];0.2155
y_rep[1389];0.15775
y_rep[1390];0.5535
y_rep[1391];0.24225
y_rep[1392];0.474
y_rep[1393];0.49375
y_rep[1394];0.19175
y_rep[1395];0.17625
y_rep[1396];0.41925
y_rep[1397];0.3905
y_rep[1398];0.487
y_rep[1399];0.4825
y_rep[1400];0.57
y_rep[1401];0.5725
y_rep[1402];0.19925
y_rep[1403];0.18275
y_rep[1404];0.4775
y_rep[1405];0.20825
y_rep[1406];0.40825
y_rep[1407];0.22475
y_rep[1408];0.19175
y_rep[1409];0.431
y_rep[1410];0.186
y_rep[1411];0.1795
y_rep[1412];0.17975
y_rep[1413];0.47975
y_rep[1414];0.58325
y_rep[1415];0.207
y_rep[1416];0.16625
y_rep[1417];0.38775
y_rep[1418];0.511
y_rep[1419];0.19575
y_rep[1420];0.16325
y_rep[1421];0.3985
y_rep[1422];0.46175
y_rep[1423];0.27275
y_rep[1424];0.167
y_rep[1425];0.55025
y_rep[1426];0.578
y_rep[1427];0.17625
y_rep[1428];0.16575
y_rep[1429];0.36275
y_rep[1430];0.4395
y_rep[1431];0.162
y_rep[1432];0.1685
y_rep[1433];0.527
y_rep[1434];0.59675
y_rep[1435];0.18725
y_rep[1436];0.188
y_rep[1437];0.3705
y_rep[1438];0.57075
y_rep[1439];0.371
y_rep[1440];0.241
y_rep[1441];0.175
y_rep[1442];0.38725
y_rep[1443];0.445
y_rep[1444];0.34375
y_rep[1445];0.18625
y_rep[1446];0.16075
y_rep[1447];0.177
y_rep[1448];0.19725
y_rep[1449];0.588
y_rep[1450];0.59175
y_rep[1451];0.4305
y_rep[1452];0.518
y_rep[1453];0.19975
y_rep[1454];0.2065
y_rep[1455];0.438
y_rep[1456];0.50475
y_rep[1457];0.5545
y_rep[1458];0.18225
y_rep[1459];0.557
y_rep[1460];0.36125
y_rep[1461];0.4455
y_rep[1462];0.1995
y_rep[1463];0.1845
y_rep[1464];0.47025
y_rep[1465];0.3015
y_rep[1466];0.1735
y_rep[1467];0.37025
y_rep[1468];0.48175
y_rep[1469];0.36375
y_rep[1470];0.49525
y_rep[1471];0.17175
y_rep[1472];0.47675
y_rep[1473];0.58375
y_rep[1474];0.18175
y_rep[1475];0.21125
y_rep[1476];0.21125
y_rep[1477];0.33875
y_rep[1478];0.176
y_rep[1479];0.5155
y_rep[1480];0.43925
y_rep[1481];0.59475
y_rep[1482];0.3495
y_rep[1483];0.42
y_rep[1484];0.35275
y_rep[1485];0.16175
y_rep[1486];0.1885
y_rep[1487];0.242
y_rep[1488];0.24425
y_rep[1489];0.424
y_rep[1490];0.56675
y_rep[1491];0.2055
y_rep[1492];0.34075
y_rep[1493];0.391
y_rep[1494];0.192
y_rep[1495];0.166
y_rep[1496];0.2095
y_rep[1497];0.17675
y_rep[1498];0.54525
y_rep[1499];0.562
y_rep[1500];0.20925
y_rep[1501];0.17825
y_rep[1502];0.355
y_rep[1503];0.51975
y_rep[1504];0.22275
y_rep[1505];0.18725
y_rep[1506];0.382
y_rep[1507];0.52675
y_rep[1508];0.22375
y_rep[1509];0.34425
y_rep[1510];0.34575
y_rep[1511];0.1955
y_rep[1512];0.16225
y_rep[1513];0.34275
y_rep[1514];0.34625
y_rep[1515];0.203
y_rep[1516];0.20425
y_rep[1517];0.18925
y_rep[1518];0.17525
y_rep[1519];0.42275
y_rep[1520];0.15925
y_rep[1521];0.20075
y_rep[1522];0.2845
y_rep[1523];0.3955
y_rep[1524];0.54825
y_rep[1525];0.34325
y_rep[1526];0.37275
y_rep[1527];0.3645
y_rep[1528];0.19
y_rep[1529];0.175
y_rep[1530];0.1985
y_rep[1531];0.18325
y_rep[1532];0.281
y_rep[1533];0.1815
y_rep[1534];0.1615
y_rep[1535];0.35475
y_rep[1536];0.4655
y_rep[1537];0.22975
y_rep[1538];0.16425
y_rep[1539];0.5415
y_rep[1540];0.53575
y_rep[1541];0.3235
y_rep[1542];0.38225
y_rep[1543];0.4995
y_rep[1544];0.425
y_rep[1545];0.55075
y_rep[1546];0.25925
y_rep[1547];0.173
y_rep[1548];0.215
y_rep[1549];0.193
y_rep[1550];0.51425
y_rep[1551];0.2395
y_rep[1552];0.53025
y_rep[1553];0.19325
y_rep[1554];0.56125
y_rep[1555];0.451
y_rep[1556];0.47675
y_rep[1557];0.3465
y_rep[1558];0.4805
y_rep[1559];0.344
y_rep[1560];0.1855
y_rep[1561];0.33025
y_rep[1562];0.3535
y_rep[1563];0.228
y_rep[1564];0.2
y_rep[1565];0.168
y_rep[1566];0.23075
y_rep[1567];0.1935
y_rep[1568];0.54625
y_rep[1569];0.567
y_rep[1570];0.21525
y_rep[1571];0.193
y_rep[1572];0.33725
y_rep[1573];0.34075
y_rep[1574];0.34425
y_rep[1575];0.199
y_rep[1576];0.19375
y_rep[1577];0.369
y_rep[1578];0.48425
y_rep[1579];0.2165
y_rep[1580];0.177
y_rep[1581];0.3365
y_rep[1582];0.46175
y_rep[1583];0.28675
y_rep[1584];0.3685
y_rep[1585];0.347
y_rep[1586];0.447
y_rep[1587];0.18975
y_rep[1588];0.1875
y_rep[1589];0.437
y_rep[1590];0.5245
y_rep[1591];0.1895
y_rep[1592];0.462
y_rep[1593];0.5065
y_rep[1594];0.183
y_rep[1595];0.18725
y_rep[1596];0.17275
y_rep[1597];0.336
y_rep[1598];0.55925
y_rep[1599];0.1775
y_rep[1600];0.196
y_rep[1601];0.163
y_rep[1602];0.1825
y_rep[1603];0.38075
y_rep[1604];0.585
y_rep[1605];0.585
y_rep[1606];0.22225
y_rep[1607];0.355
y_rep[1608];0.406
y_rep[1609];0.408
y_rep[1610];0.5315
y_rep[1611];0.558
y_rep[1612];0.20775
y_rep[1613];0.271
y_rep[1614];0.2805
y_rep[1615];0.17325
y_rep[1616];0.38925
y_rep[1617];0.585
y_rep[1618];0.56875
y_rep[1619];0.16775
y_rep[1620];0.3775
y_rep[1621];0.44275
y_rep[1622];0.17525
y_rep[1623];0.23025
y_rep[1624];0.188
y_rep[1625];0.575
y_rep[1626];0.51425
y_rep[1627];0.21025
y_rep[1628];0.1625
y_rep[1629];0.298
y_rep[1630];0.5035
y_rep[1631];0.2875
y_rep[1632];0.54875
y_rep[1633];0.345
y_rep[1634];0.19375
y_rep[1635];0.26425
y_rep[1636];0.25375
y_rep[1637];0.18775
y_rep[1638];0.34
y_rep[1639];0.2155
y_rep[1640];0.19075
y_rep[1641];0.364
y_rep[1642];0.3055
y_rep[1643];0.1895
y_rep[1644];0.36225
y_rep[1645];0.59825
y_rep[1646];0.17425
y_rep[1647];0.34175
y_rep[1648];0.40325
y_rep[1649];0.18925
y_rep[1650];0.5185
y_rep[1651];0.344
y_rep[1652];0.3725
y_rep[1653];0.19175
y_rep[1654];0.332
y_rep[1655];0.34575
y_rep[1656];0.55
y_rep[1657];0.16325
y_rep[1658];0.2665
y_rep[1659];0.39025
y_rep[1660];0.53775
y_rep[1661];0.554
y_rep[1662];0.1795
y_rep[1663];0.349
y_rep[1664];0.55975
y_rep[1665];0.42575
y_rep[1666];0.1905
y_rep[1667];0.50375
y_rep[1668];0.377
y_rep[1669];0.21075
y_rep[1670];0.20925
y_rep[1671];0.19175
y_rep[1672];0.19925
y_rep[1673];0.18375
y_rep[1674];0.36075
y_rep[1675];0.5275
y_rep[1676];0.3405
y_rep[1677];0.35875
y_rep[1678];0.2095
y_rep[1679];0.21325
y_rep[1680];0.44775
y_rep[1681];0.4905
y_rep[1682];0.20325
y_rep[1683];0.17425
y_rep[1684];0.589
y_rep[1685];0.42075
y_rep[1686];0.56625
y_rep[1687];0.2405
y_rep[1688];0.575
y_rep[1689];0.1775
y_rep[1690];0.58325
y_rep[1691];0.52725
y_rep[1692];0.5925
y_rep[1693];0.38725
y_rep[1694];0.378
y_rep[1695];0.21725
y_rep[1696];0.2265
y_rep[1697];0.15525
y_rep[1698];0.38725
y_rep[1699];0.4215
y_rep[1700];0.58325
y_rep[1701];0.35275
y_rep[1702];0.234
y_rep[1703];0.18375
y_rep[1704];0.3355
y_rep[1705];0.3475
y_rep[1706];0.18425
y_rep[1707];0.2335
y_rep[1708];0.37275
y_rep[1709];0.54825
y_rep[1710];0.17675
y_rep[1711];0.1705
y_rep[1712];0.54725
y_rep[1713];0.57975
y_rep[1714];0.373
y_rep[1715];0.3515
y_rep[1716];0.565
y_rep[1717];0.58225
y_rep[1718];0.42625
y_rep[1719];0.3405
y_rep[1720];0.35525
y_rep[1721];0.35175
y_rep[1722];0.26475
y_rep[1723];0.23575
y_rep[1724];0.23725
y_rep[1725];0.34475
y_rep[1726];0.5565
y_rep[1727];0.24825
y_rep[1728];0.199
y_rep[1729];0.29725
y_rep[1730];0.24775
y_rep[1731];0.3835
y_rep[1732];0.4325
y_rep[1733];0.18
y_rep[1734];0.53925
y_rep[1735];0.34925
y_rep[1736];0.4735
y_rep[1737];0.22625
y_rep[1738];0.267
y_rep[1739];0.334
y_rep[1740];0.262
y_rep[1741];0.261
y_rep[1742];0.2385
y_rep[1743];0.243
y_rep[1744];0.23875
y_rep[1745];0.179
y_rep[1746];0.2025
y_rep[1747];0.3455
y_rep[1748];0.38675
y_rep[1749];0.289
y_rep[1750];0.372
y_rep[1751];0.32
y_rep[1752];0.56625
y_rep[1753];0.387
y_rep[1754];0.49675
y_rep[1755];0.22125
y_rep[1756];0.37
y_rep[1757];0.57675
y_rep[1758];0.373
y_rep[1759];0.297
y_rep[1760];0.22275
y_rep[1761];0.25825
y_rep[1762];0.2795
y_rep[1763];0.19125
y_rep[1764];0.35325
y_rep[1765];0.5035
y_rep[1766];0.2555
y_rep[1767];0.20625
y_rep[1768];0.364
y_rep[1769];0.577
y_rep[1770];0.23
y_rep[1771];0.19
y_rep[1772];0.20425
y_rep[1773];0.33875
y_rep[1774];0.208
y_rep[1775];0.2325
y_rep[1776];0.21575
y_rep[1777];0.22525
y_rep[1778];0.358
y_rep[1779];0.4675
y_rep[1780];0.21975
y_rep[1781];0.193
y_rep[1782];0.34275
y_rep[1783];0.344
y_rep[1784];0.19075
y_rep[1785];0.35675
y_rep[1786];0.51525
y_rep[1787];0.20125
y_rep[1788];0.21475
y_rep[1789];0.21825
y_rep[1790];0.57875
y_rep[1791];0.3585
y_rep[1792];0.27975
y_rep[1793];0.29875
y_rep[1794];0.348
y_rep[1795];0.37975
y_rep[1796];0.28525
y_rep[1797];0.31175
y_rep[1798];0.25875
y_rep[1799];0.19975
y_rep[1800];0.3555
y_rep[1801];0.5575
y_rep[1802];0.19725
y_rep[1803];0.36725
y_rep[1804];0.352
y_rep[1805];0.22325
y_rep[1806];0.414
y_rep[1807];0.581
y_rep[1808];0.3615
y_rep[1809];0.276
y_rep[1810];0.21975
y_rep[1811];0.22525
y_rep[1812];0.44325
y_rep[1813];0.4675
y_rep[1814];0.2695
y_rep[1815];0.21525
y_rep[1816];0.345
y_rep[1817];0.34525
y_rep[1818];0.256
y_rep[1819];0.255
y_rep[1820];0.385
y_rep[1821];0.3585
y_rep[1822];0.20125
y_rep[1823];0.5035
y_rep[1824];0.3655
y_rep[1825];0.54025
y_rep[1826];0.32375
y_rep[1827];0.35875
y_rep[1828];0.1805
y_rep[1829];0.264
y_rep[1830];0.4355
y_rep[1831];0.2295
y_rep[1832];0.224
y_rep[1833];0.58625
y_rep[1834];0.307
y_rep[1835];0.20275
y_rep[1836];0.338
y_rep[1837];0.348
y_rep[1838];0.45125
y_rep[1839];0.33725
y_rep[1840];0.20375
y_rep[1841];0.266
y_rep[1842];0.26875
y_rep[1843];0.26225
y_rep[1844];0.22175
y_rep[1845];0.34825
y_rep[1846];0.3405
y_rep[1847];0.2665
y_rep[1848];0.35275
y_rep[1849];0.32225
y_rep[1850];0.2555
y_rep[1851];0.4345
y_rep[1852];0.2995
y_rep[1853];0.25325
y_rep[1854];0.55975
y_rep[1855];0.454
y_rep[1856];0.34925
y_rep[1857];0.192
y_rep[1858];0.3335
y_rep[1859];0.33175
y_rep[1860];0.30875
y_rep[1861];0.284
y_rep[1862];0.35675
y_rep[1863];0.489
y_rep[1864];0.23175
y_rep[1865];0.31025
y_rep[1866];0.46625
y_rep[1867];0.5875
y_rep[1868];0.40025
y_rep[1869];0.50175
y_rep[1870];0.3575
y_rep[1871];0.3225
y_rep[1872];0.2175
y_rep[1873];0.2425
y_rep[1874];0.216
y_rep[1875];0.364
y_rep[1876];0.46
y_rep[1877];0.22225
y_rep[1878];0.20625
y_rep[1879];0.208
y_rep[1880];0.361
y_rep[1881];0.47725
y_rep[1882];0.17925
y_rep[1883];0.337
y_rep[1884];0.42125
y_rep[1885];0.3045
y_rep[1886];0.2055
y_rep[1887];0.3535
y_rep[1888];0.5875
y_rep[1889];0.31075
y_rep[1890];0.2595
y_rep[1891];0.34825
y_rep[1892];0.4625
y_rep[1893];0.255
y_rep[1894];0.284
y_rep[1895];0.45
y_rep[1896];0.301
y_rep[1897];0.40375
y_rep[1898];0.259
y_rep[1899];0.25175
y_rep[1900];0.2435
y_rep[1901];0.364
y_rep[1902];0.56575
y_rep[1903];0.32625
y_rep[1904];0.31975
y_rep[1905];0.34025
y_rep[1906];0.403
y_rep[1907];0.439
y_rep[1908];0.429
y_rep[1909];0.365
y_rep[1910];0.35025
y_rep[1911];0.37125
y_rep[1912];0.33725
y_rep[1913];0.2265
y_rep[1914];0.5725
y_rep[1915];0.5225
y_rep[1916];0.3825
y_rep[1917];0.57225
y_rep[1918];0.32975
y_rep[1919];0.3485
y_rep[1920];0.3445
y_rep[1921];0.34775
y_rep[1922];0.46925
y_rep[1923];0.2655
y_rep[1924];0.3495
y_rep[1925];0.43725
y_rep[1926];0.1965
y_rep[1927];0.343
y_rep[1928];0.33575
y_rep[1929];0.38075
y_rep[1930];0.264
y_rep[1931];0.347
y_rep[1932];0.361
y_rep[1933];0.33125
y_rep[1934];0.19725
y_rep[1935];0.33925
y_rep[1936];0.431
y_rep[1937];0.25675
y_rep[1938];0.312
y_rep[1939];0.2705
y_rep[1940];0.55975
y_rep[1941];0.58325
y_rep[1942];0.3535
y_rep[1943];0.24275
y_rep[1944];0.2265
y_rep[1945];0.28375
y_rep[1946];0.34825
y_rep[1947];0.293
y_rep[1948];0.2745
y_rep[1949];0.333
y_rep[1950];0.22725
y_rep[1951];0.344
y_rep[1952];0.48125
y_rep[1953];0.3405
y_rep[1954];0.56175
y_rep[1955];0.34675
y_rep[1956];0.3615
y_rep[1957];0.23725
y_rep[1958];0.337
y_rep[1959];0.503
y_rep[1960];0.34125
y_rep[1961];0.287
y_rep[1962];0.31125
y_rep[1963];0.467
y_rep[1964];0.3785
y_rep[1965];0.5725
y_rep[1966];0.28325
y_rep[1967];0.341
y_rep[1968];0.363
y_rep[1969];0.29925
y_rep[1970];0.29675
y_rep[1971];0.3445
y_rep[1972];0.3415
y_rep[1973];0.3455
y_rep[1974];0.32725
y_rep[1975];0.36
y_rep[1976];0.30425
y_rep[1977];0.5815
y_rep[1978];0.36325
y_rep[1979];0.38175
y_rep[1980];0.36375
y_rep[1981];0.35225
y_rep[1982];0.397
y_rep[1983];0.57075
y_rep[1984];0.3435
y_rep[1985];0.24875
y_rep[1986];0.25075
y_rep[1987];0.3745
y_rep[1988];0.32575
y_rep[1989];0.28225
y_rep[1990];0.22325
y_rep[1991];0.34125
y_rep[1992];0.29475
y_rep[1993];0.256
y_rep[1994];0.3525
y_rep[1995];0.33
y_rep[1996];0.2245
y_rep[1997];0.38325
y_rep[1998];0.3675
y_rep[1999];0.3465
y_rep[2000];0.258
y_rep[2001];0.28975
y_rep[2002];0.27975
y_rep[2003];0.347
y_rep[2004];0.42025
y_rep[2005];0.2905
y_rep[2006];0.3475
y_rep[2007];0.4415
y_rep[2008];0.4085
y_rep[2009];0.29925
y_rep[2010];0.3485
y_rep[2011];0.2825
y_rep[2012];0.2145
y_rep[2013];0.57225
y_rep[2014];0.3385
y_rep[2015];0.344
y_rep[2016];0.25325
y_rep[2017];0.22775
y_rep[2018];0.4975
y_rep[2019];0.53
y_rep[2020];0.31625
y_rep[2021];0.3615
y_rep[2022];0.539
y_rep[2023];0.34225
y_rep[2024];0.50875
y_rep[2025];0.355
y_rep[2026];0.33875
y_rep[2027];0.342
y_rep[2028];0.22925
y_rep[2029];0.3605
y_rep[2030];0.264
y_rep[2031];0.3475
y_rep[2032];0.50625
y_rep[2033];0.38275
y_rep[2034];0.374
y_rep[2035];0.39925
y_rep[2036];0.28
y_rep[2037];0.2495
y_rep[2038];0.36875
y_rep[2039];0.5765
y_rep[2040];0.35075
y_rep[2041];0.259
y_rep[2042];0.35125
y_rep[2043];0.347
y_rep[2044];0.34125
y_rep[2045];0.3245
y_rep[2046];0.36075
y_rep[2047];0.3605
y_rep[2048];0.31825
y_rep[2049];0.312
y_rep[2050];0.34625
y_rep[2051];0.42725
y_rep[2052];0.38225
y_rep[2053];0.5155
y_rep[2054];0.227
y_rep[2055];0.33975
y_rep[2056];0.496
y_rep[2057];0.433
y_rep[2058];0.305
y_rep[2059];0.35
y_rep[2060];0.49775
y_rep[2061];0.37025
y_rep[2062];0.383
y_rep[2063];0.34375
y_rep[2064];0.38
y_rep[2065];0.23125
y_rep[2066];0.3615
y_rep[2067];0.27
y_rep[2068];0.3525
y_rep[2069];0.4305
y_rep[2070];0.5385
y_rep[2071];0.3585
y_rep[2072];0.4115
y_rep[2073];0.47675
y_rep[2074];0.34925
y_rep[2075];0.35575
y_rep[2076];0.32875
y_rep[2077];0.5315
y_rep[2078];0.203
y_rep[2079];0.40925
y_rep[2080];0.58825
y_rep[2081];0.3825
y_rep[2082];0.56375
y_rep[2083];0.55175
y_rep[2084];0.356
y_rep[2085];0.53625
y_rep[2086];0.3085
y_rep[2087];0.36525
y_rep[2088];0.42275
y_rep[2089];0.58075
y_rep[2090];0.26275
y_rep[2091];0.5475
y_rep[2092];0.34425
y_rep[2093];0.33575
y_rep[2094];0.5465
y_rep[2095];0.35775
y_rep[2096];0.36925
y_rep[2097];0.41825
y_rep[2098];0.34875
y_rep[2099];0.31575
y_rep[2100];0.28775
y_rep[2101];0.39575
y_rep[2102];0.34625
y_rep[2103];0.34725
y_rep[2104];0.5895
y_rep[2105];0.34475
y_rep[2106];0.3535
y_rep[2107];0.3505
y_rep[2108];0.58625
y_rep[2109];0.3405
y_rep[2110];0.5325
y_rep[2111];0.40075
y_rep[2112];0.2815
y_rep[2113];0.367
y_rep[2114];0.33975
y_rep[2115];0.3485
y_rep[2116];0.4495
y_rep[2117];0.37225
y_rep[2118];0.475
y_rep[2119];0.494
y_rep[2120];0.51875
y_rep[2121];0.41425
y_rep[2122];0.3445
y_rep[2123];0.27
y_rep[2124];0.37275
y_rep[2125];0.3945
y_rep[2126];0.3595
y_rep[2127];0.34175
y_rep[2128];0.29775
y_rep[2129];0.3625
y_rep[2130];0.52475
y_rep[2131];0.44575
y_rep[2132];0.35175
y_rep[2133];0.35125
y_rep[2134];0.3515
y_rep[2135];0.372
y_rep[2136];0.39175
y_rep[2137];0.48975
y_rep[2138];0.38475
y_rep[2139];0.34925
y_rep[2140];0.3585
y_rep[2141];0.2415
y_rep[2142];0.366
y_rep[2143];0.41825
y_rep[2144];0.231
y_rep[2145];0.3655
y_rep[2146];0.39125
y_rep[2147];0.37825
y_rep[2148];0.46425
y_rep[2149];0.3695
y_rep[2150];0.36075
y_rep[2151];0.343
y_rep[2152];0.355
y_rep[2153];0.31325
y_rep[2154];0.2545
y_rep[2155];0.377
y_rep[2156];0.36025
y_rep[2157];0.35275
y_rep[2158];0.39275
y_rep[2159];0.5465
y_rep[2160];0.578
y_rep[2161];0.368
y_rep[2162];0.39175
y_rep[2163];0.39225
y_rep[2164];0.3625
y_rep[2165];0.49925
y_rep[2166];0.4035
y_rep[2167];0.363
y_rep[2168];0.35775
y_rep[2169];0.4345
y_rep[2170];0.36725
y_rep[2171];0.36725
y_rep[2172];0.354
y_rep[2173];0.55775
y_rep[2174];0.48175
y_rep[2175];0.294
y_rep[2176];0.379
y_rep[2177];0.356
y_rep[2178];0.302
y_rep[2179];0.2815
y_rep[2180];0.338
y_rep[2181];0.3785
y_rep[2182];0.3495
y_rep[2183];0.34125
y_rep[2184];0.38325
y_rep[2185];0.28775
y_rep[2186];0.584
y_rep[2187];0.568
y_rep[2188];0.36575
y_rep[2189];0.46675
y_rep[2190];0.34725
y_rep[2191];0.30125
y_rep[2192];0.339
y_rep[2193];0.41675
y_rep[2194];0.34275
y_rep[2195];0.20725
y_rep[2196];0.337
y_rep[2197];0.35575
y_rep[2198];0.42725
y_rep[2199];0.45025
y_rep[2200];0.37575
y_rep[2201];0.36325
y_rep[2202];0.40425
y_rep[2203];0.34525
y_rep[2204];0.57575
y_rep[2205];0.3785
y_rep[2206];0.4445
y_rep[2207];0.30325
y_rep[2208];0.35925
y_rep[2209];0.5735
y_rep[2210];0.314
y_rep[2211];0.37975
y_rep[2212];0.35775
y_rep[2213];0.50225
y_rep[2214];0.277
y_rep[2215];0.41
y_rep[2216];0.35925
y_rep[2217];0.381
y_rep[2218];0.48275
y_rep[2219];0.3485
y_rep[2220];0.36775
y_rep[2221];0.314
y_rep[2222];0.5535
y_rep[2223];0.489
y_rep[2224];0.3505
y_rep[2225];0.3405
y_rep[2226];0.42175
y_rep[2227];0.3535
y_rep[2228];0.397
y_rep[2229];0.46025
y_rep[2230];0.2465
y_rep[2231];0.5685
y_rep[2232];0.54975
y_rep[2233];0.532
y_rep[2234];0.367
y_rep[2235];0.369
y_rep[2236];0.27575
y_rep[2237];0.3705
y_rep[2238];0.56375
y_rep[2239];0.33
y_rep[2240];0.34175
y_rep[2241];0.45175
y_rep[2242];0.3345
y_rep[2243];0.35975
y_rep[2244];0.38025
y_rep[2245];0.36825
y_rep[2246];0.37
y_rep[2247];0.32025
y_rep[2248];0.332
y_rep[2249];0.34475
y_rep[2250];0.50825
y_rep[2251];0.362
y_rep[2252];0.34625
y_rep[2253];0.3405
y_rep[2254];0.45725
y_rep[2255];0.3575
y_rep[2256];0.341
y_rep[2257];0.50975
y_rep[2258];0.5565
y_rep[2259];0.3615
y_rep[2260];0.336
y_rep[2261];0.433
y_rep[2262];0.49025
y_rep[2263];0.337
y_rep[2264];0.50125
y_rep[2265];0.344
y_rep[2266];0.57075
y_rep[2267];0.46225
y_rep[2268];0.3205
y_rep[2269];0.382
y_rep[2270];0.41425
y_rep[2271];0.4685
y_rep[2272];0.31675
y_rep[2273];0.34575
y_rep[2274];0.466
y_rep[2275];0.3105
y_rep[2276];0.3695
y_rep[2277];0.384
y_rep[2278];0.38775
y_rep[2279];0.35975
y_rep[2280];0.474
y_rep[2281];0.27025
y_rep[2282];0.34825
y_rep[2283];0.39775
y_rep[2284];0.396
y_rep[2285];0.35375
y_rep[2286];0.3985
y_rep[2287];0.34875
y_rep[2288];0.55075
y_rep[2289];0.2485
y_rep[2290];0.4025
y_rep[2291];0.48025
y_rep[2292];0.57425
y_rep[2293];0.48425
y_rep[2294];0.42325
y_rep[2295];0.34675
y_rep[2296];0.54975
y_rep[2297];0.58425
y_rep[2298];0.412
y_rep[2299];0.535
y_rep[2300];0.337
y_rep[2301];0.3895
y_rep[2302];0.371
y_rep[2303];0.4455
y_rep[2304];0.43225
y_rep[2305];0.3535
y_rep[2306];0.34875
y_rep[2307];0.39625
y_rep[2308];0.36225
y_rep[2309];0.34675
y_rep[2310];0.444
y_rep[2311];0.35225
y_rep[2312];0.368
y_rep[2313];0.40325
y_rep[2314];0.40325
y_rep[2315];0.3925
y_rep[2316];0.385
y_rep[2317];0.35275
y_rep[2318];0.3515
y_rep[2319];0.33425
y_rep[2320];0.29675
y_rep[2321];0.34725
y_rep[2322];0.4735
y_rep[2323];0.38225
y_rep[2324];0.38425
y_rep[2325];0.366
y_rep[2326];0.3685
y_rep[2327];0.336
y_rep[2328];0.36175
y_rep[2329];0.348
y_rep[2330];0.36775
y_rep[2331];0.35
y_rep[2332];0.4705
y_rep[2333];0.484
y_rep[2334];0.37125
y_rep[2335];0.57175
y_rep[2336];0.472
y_rep[2337];0.43925
y_rep[2338];0.337
y_rep[2339];0.573
y_rep[2340];0.253
y_rep[2341];0.38075
y_rep[2342];0.37075
y_rep[2343];0.38
y_rep[2344];0.3815
y_rep[2345];0.3785
y_rep[2346];0.381
y_rep[2347];0.4855
y_rep[2348];0.49675
y_rep[2349];0.3255
y_rep[2350];0.3425
y_rep[2351];0.363
y_rep[2352];0.3685
y_rep[2353];0.57175
y_rep[2354];0.4715
y_rep[2355];0.3645
y_rep[2356];0.36525
y_rep[2357];0.34925
y_rep[2358];0.35625
y_rep[2359];0.33175
y_rep[2360];0.3915
y_rep[2361];0.5435
y_rep[2362];0.54425
y_rep[2363];0.345
y_rep[2364];0.55725
y_rep[2365];0.39425
y_rep[2366];0.364
y_rep[2367];0.51175
y_rep[2368];0.507
y_rep[2369];0.3465
y_rep[2370];0.4615
y_rep[2371];0.469
y_rep[2372];0.3645
y_rep[2373];0.34625
y_rep[2374];0.3505
y_rep[2375];0.5665
y_rep[2376];0.392
y_rep[2377];0.3625
y_rep[2378];0.51575
y_rep[2379];0.31
y_rep[2380];0.42025
y_rep[2381];0.58075
y_rep[2382];0.35975
y_rep[2383];0.457
y_rep[2384];0.41925
y_rep[2385];0.383
y_rep[2386];0.337
y_rep[2387];0.37625
y_rep[2388];0.5735
y_rep[2389];0.5875
y_rep[2390];0.34725
y_rep[2391];0.4085
y_rep[2392];0.39675
y_rep[2393];0.33775
y_rep[2394];0.523
y_rep[2395];0.5475
y_rep[2396];0.3625
y_rep[2397];0.376
y_rep[2398];0.41275
y_rep[2399];0.4275
y_rep[2400];0.364
y_rep[2401];0.34775
y_rep[2402];0.3515
y_rep[2403];0.3855
y_rep[2404];0.44025
y_rep[2405];0.355
y_rep[2406];0.58375
y_rep[2407];0.41
y_rep[2408];0.522
y_rep[2409];0.37225
y_rep[2410];0.278
y_rep[2411];0.587
y_rep[2412];0.32825
y_rep[2413];0.4855
y_rep[2414];0.3595
y_rep[2415];0.52625
y_rep[2416];0.41425
y_rep[2417];0.351
y_rep[2418];0.57825
y_rep[2419];0.425
y_rep[2420];0.386
y_rep[2421];0.40475
y_rep[2422];0.564
y_rep[2423];0.56675
y_rep[2424];0.34175
y_rep[2425];0.34575
y_rep[2426];0.32925
y_rep[2427];0.42975
y_rep[2428];0.394
y_rep[2429];0.34375
y_rep[2430];0.3385
y_rep[2431];0.36
y_rep[2432];0.4285
y_rep[2433];0.4765
y_rep[2434];0.51225
y_rep[2435];0.43425
y_rep[2436];0.40125
y_rep[2437];0.587
y_rep[2438];0.5475
y_rep[2439];0.53275
y_rep[2440];0.359
y_rep[2441];0.35825
y_rep[2442];0.397
y_rep[2443];0.425
y_rep[2444];0.3395
y_rep[2445];0.50275
y_rep[2446];0.35525
y_rep[2447];0.581
y_rep[2448];0.3875
y_rep[2449];0.4505
y_rep[2450];0.3475
y_rep[2451];0.45375
y_rep[2452];0.3795
y_rep[2453];0.3235
y_rep[2454];0.2285
y_rep[2455];0.54425
y_rep[2456];0.51025
y_rep[2457];0.56325
y_rep[2458];0.29625
y_rep[2459];0.357
y_rep[2460];0.33975
y_rep[2461];0.332
y_rep[2462];0.384
y_rep[2463];0.49175
y_rep[2464];0.4405
y_rep[2465];0.367
y_rep[2466];0.41175
y_rep[2467];0.34775
y_rep[2468];0.44875
y_rep[2469];0.36575
y_rep[2470];0.34975
y_rep[2471];0.45725
y_rep[2472];0.42425
y_rep[2473];0.47875
y_rep[2474];0.4565
y_rep[2475];0.351
y_rep[2476];0.368
y_rep[2477];0.26275
y_rep[2478];0.343
y_rep[2479];0.40675
y_rep[2480];0.39375
y_rep[2481];0.376
y_rep[2482];0.36125
y_rep[2483];0.38325
y_rep[2484];0.4765
y_rep[2485];0.509
y_rep[2486];0.31525
y_rep[2487];0.4655
y_rep[2488];0.501
y_rep[2489];0.47575
y_rep[2490];0.3675
y_rep[2491];0.355
y_rep[2492];0.37725
y_rep[2493];0.29825
y_rep[2494];0.33425
y_rep[2495];0.454
y_rep[2496];0.377
y_rep[2497];0.3435
y_rep[2498];0.43925
y_rep[2499];0.403
y_rep[2500];0.535
y_rep[2501];0.52125
y_rep[2502];0.3505
y_rep[2503];0.36675
y_rep[2504];0.5135
y_rep[2505];0.3435
y_rep[2506];0.362
y_rep[2507];0.36125
y_rep[2508];0.437
y_rep[2509];0.4465
y_rep[2510];0.3295
y_rep[2511];0.36625
y_rep[2512];0.461
y_rep[2513];0.32125
y_rep[2514];0.5505
y_rep[2515];0.333
y_rep[2516];0.41375
y_rep[2517];0.5015
y_rep[2518];0.44875
y_rep[2519];0.361
y_rep[2520];0.479
y_rep[2521];0.50025
y_rep[2522];0.39
y_rep[2523];0.3435
y_rep[2524];0.313
y_rep[2525];0.2965
y_rep[2526];0.36625
y_rep[2527];0.357
y_rep[2528];0.543
y_rep[2529];0.5345
y_rep[2530];0.351
y_rep[2531];0.35
y_rep[2532];0.35425
y_rep[2533];0.35675
y_rep[2534];0.545
y_rep[2535];0.354
y_rep[2536];0.3595
y_rep[2537];0.36875
y_rep[2538];0.44
y_rep[2539];0.35175
y_rep[2540];0.4495
y_rep[2541];0.348
y_rep[2542];0.47175
y_rep[2543];0.34925
y_rep[2544];0.38675
y_rep[2545];0.362
y_rep[2546];0.5255
y_rep[2547];0.523
y_rep[2548];0.3625
y_rep[2549];0.37275
y_rep[2550];0.39675
y_rep[2551];0.3625
y_rep[2552];0.33125
y_rep[2553];0.38325
y_rep[2554];0.3825
y_rep[2555];0.369
y_rep[2556];0.56475
y_rep[2557];0.50225
y_rep[2558];0.29575
y_rep[2559];0.5975
y_rep[2560];0.54075
y_rep[2561];0.37675
y_rep[2562];0.37625
y_rep[2563];0.3625
y_rep[2564];0.578
y_rep[2565];0.5635
y_rep[2566];0.51925
y_rep[2567];0.53175
y_rep[2568];0.48475
y_rep[2569];0.504
y_rep[2570];0.344
y_rep[2571];0.35625
y_rep[2572];0.3465
y_rep[2573];0.5035
y_rep[2574];0.32975
y_rep[2575];0.34825
y_rep[2576];0.39825
y_rep[2577];0.3425
y_rep[2578];0.55075
y_rep[2579];0.43675
y_rep[2580];0.4525
y_rep[2581];0.5175
y_rep[2582];0.46475
y_rep[2583];0.39975
y_rep[2584];0.3635
y_rep[2585];0.404
y_rep[2586];0.48025
y_rep[2587];0.371
y_rep[2588];0.59775
y_rep[2589];0.48975
y_rep[2590];0.454
y_rep[2591];0.4215
y_rep[2592];0.43475
y_rep[2593];0.3135
y_rep[2594];0.362
y_rep[2595];0.375
y_rep[2596];0.37625
y_rep[2597];0.46425
y_rep[2598];0.39775
y_rep[2599];0.3705
y_rep[2600];0.5125
y_rep[2601];0.4795
y_rep[2602];0.36125
y_rep[2603];0.33775
y_rep[2604];0.25625
y_rep[2605];0.572
y_rep[2606];0.57325
y_rep[2607];0.366
y_rep[2608];0.32725
y_rep[2609];0.53275
y_rep[2610];0.5655
y_rep[2611];0.34325
y_rep[2612];0.362
y_rep[2613];0.37025
y_rep[2614];0.38175
y_rep[2615];0.37125
y_rep[2616];0.34775
y_rep[2617];0.34375
y_rep[2618];0.34
y_rep[2619];0.5595
y_rep[2620];0.57225
y_rep[2621];0.3145
y_rep[2622];0.36775
y_rep[2623];0.579
y_rep[2624];0.43925
y_rep[2625];0.57925
y_rep[2626];0.33425
y_rep[2627];0.50125
y_rep[2628];0.53125
y_rep[2629];0.48925
y_rep[2630];0.53725
y_rep[2631];0.39325
y_rep[2632];0.57825
y_rep[2633];0.474
y_rep[2634];0.30525
y_rep[2635];0.3745
y_rep[2636];0.50625
y_rep[2637];0.34225
y_rep[2638];0.3445
y_rep[2639];0.56575
y_rep[2640];0.305
y_rep[2641];0.36625
y_rep[2642];0.3455
y_rep[2643];0.5255
y_rep[2644];0.4975
y_rep[2645];0.37875
y_rep[2646];0.34
y_rep[2647];0.3995
y_rep[2648];0.375
y_rep[2649];0.5715
y_rep[2650];0.35275
y_rep[2651];0.566
y_rep[2652];0.426
y_rep[2653];0.4265
y_rep[2654];0.41725
y_rep[2655];0.26275
y_rep[2656];0.543
y_rep[2657];0.5705
y_rep[2658];0.35175
y_rep[2659];0.50175
y_rep[2660];0.3935
y_rep[2661];0.349
y_rep[2662];0.35125
y_rep[2663];0.37075
y_rep[2664];0.36575
y_rep[2665];0.38925
y_rep[2666];0.38475
y_rep[2667];0.3555
y_rep[2668];0.53625
y_rep[2669];0.52625
y_rep[2670];0.55625
y_rep[2671];0.5365
y_rep[2672];0.39775
y_rep[2673];0.40175
y_rep[2674];0.34275
y_rep[2675];0.3975
y_rep[2676];0.3665
y_rep[2677];0.57475
y_rep[2678];0.50425
y_rep[2679];0.3545
y_rep[2680];0.59325
y_rep[2681];0.3445
y_rep[2682];0.5525
y_rep[2683];0.352
y_rep[2684];0.506
y_rep[2685];0.437
y_rep[2686];0.33925
y_rep[2687];0.39925
y_rep[2688];0.4795
y_rep[2689];0.3745
y_rep[2690];0.3965
y_rep[2691];0.47375
y_rep[2692];0.38675
y_rep[2693];0.343
y_rep[2694];0.345
y_rep[2695];0.37
y_rep[2696];0.365
y_rep[2697];0.52075
y_rep[2698];0.587
y_rep[2699];0.34175
y_rep[2700];0.433
y_rep[2701];0.4625
y_rep[2702];0.41375
y_rep[2703];0.5885
y_rep[2704];0.373
y_rep[2705];0.33875
y_rep[2706];0.56975
y_rep[2707];0.35625
y_rep[2708];0.35925
y_rep[2709];0.53525
y_rep[2710];0.368
y_rep[2711];0.5645
y_rep[2712];0.4255
y_rep[2713];0.45775
y_rep[2714];0.5005
y_rep[2715];0.471
y_rep[2716];0.35025
y_rep[2717];0.5105
y_rep[2718];0.57575
y_rep[2719];0.56475
y_rep[2720];0.492
y_rep[2721];0.4725
y_rep[2722];0.4995
y_rep[2723];0.52725
y_rep[2724];0.38375
y_rep[2725];0.385
y_rep[2726];0.55925
y_rep[2727];0.3665
y_rep[2728];0.3665
y_rep[2729];0.58725
y_rep[2730];0.4995
y_rep[2731];0.47575
y_rep[2732];0.3615
y_rep[2733];0.538
y_rep[2734];0.57075
y_rep[2735];0.351
y_rep[2736];0.5745
y_rep[2737];0.34425
y_rep[2738];0.326
y_rep[2739];0.374
y_rep[2740];0.37225
y_rep[2741];0.408
y_rep[2742];0.4065
y_rep[2743];0.371
y_rep[2744];0.35325
y_rep[2745];0.3465
y_rep[2746];0.5685
y_rep[2747];0.5605
y_rep[2748];0.34325
y_rep[2749];0.35275
y_rep[2750];0.48375
y_rep[2751];0.42425
y_rep[2752];0.34025
y_rep[2753];0.37
y_rep[2754];0.33125
y_rep[2755];0.34875
y_rep[2756];0.33475
y_rep[2757];0.39325
y_rep[2758];0.3755
y_rep[2759];0.589
y_rep[2760];0.4725
y_rep[2761];0.46525
y_rep[2762];0.5285
y_rep[2763];0.574
y_rep[2764];0.57125
y_rep[2765];0.338
y_rep[2766];0.3545
y_rep[2767];0.365
y_rep[2768];0.3755
y_rep[2769];0.497
y_rep[2770];0.557
y_rep[2771];0.5315
y_rep[2772];0.512
y_rep[2773];0.3595
y_rep[2774];0.5425
y_rep[2775];0.39475
y_rep[2776];0.40175
y_rep[2777];0.35275
y_rep[2778];0.58
y_rep[2779];0.5645
y_rep[2780];0.336
y_rep[2781];0.4535
y_rep[2782];0.45825
y_rep[2783];0.39
y_rep[2784];0.349
y_rep[2785];0.365
y_rep[2786];0.36575
y_rep[2787];0.44925
y_rep[2788];0.3535
y_rep[2789];0.37675
y_rep[2790];0.42425
y_rep[2791];0.37
y_rep[2792];0.37575
y_rep[2793];0.475
y_rep[2794];0.3725
y_rep[2795];0.3465
y_rep[2796];0.55525
y_rep[2797];0.39
y_rep[2798];0.3555
y_rep[2799];0.37175
y_rep[2800];0.51775
y_rep[2801];0.452
y_rep[2802];0.4485
y_rep[2803];0.53225
y_rep[2804];0.50825
y_rep[2805];0.46975
y_rep[2806];0.395
y_rep[2807];0.3515
y_rep[2808];0.389
y_rep[2809];0.48
y_rep[2810];0.39975
y_rep[2811];0.532
y_rep[2812];0.33925
y_rep[2813];0.56125
y_rep[2814];0.51925
y_rep[2815];0.37525
y_rep[2816];0.3355
y_rep[2817];0.376
y_rep[2818];0.385
y_rep[2819];0.59125
y_rep[2820];0.5455
y_rep[2821];0.35175
y_rep[2822];0.409
y_rep[2823];0.47525
y_rep[2824];0.43625
y_rep[2825];0.4385
y_rep[2826];0.3515
y_rep[2827];0.57975
y_rep[2828];0.34325
y_rep[2829];0.45025
y_rep[2830];0.351
y_rep[2831];0.369
y_rep[2832];0.34175
y_rep[2833];0.5575
y_rep[2834];0.436
y_rep[2835];0.514
y_rep[2836];0.356
y_rep[2837];0.501
y_rep[2838];0.56675
y_rep[2839];0.40575
y_rep[2840];0.48875
y_rep[2841];0.441
y_rep[2842];0.38025
y_rep[2843];0.35375
y_rep[2844];0.476
y_rep[2845];0.60375
y_rep[2846];0.5555
y_rep[2847];0.4335
y_rep[2848];0.337
y_rep[2849];0.45325
y_rep[2850];0.3915
y_rep[2851];0.3355
y_rep[2852];0.57675
y_rep[2853];0.57875
y_rep[2854];0.37075
y_rep[2855];0.3545
y_rep[2856];0.473
y_rep[2857];0.51175
y_rep[2858];0.33225
y_rep[2859];0.33475
y_rep[2860];0.58125
y_rep[2861];0.359
y_rep[2862];0.371
y_rep[2863];0.3945
y_rep[2864];0.556
y_rep[2865];0.449
y_rep[2866];0.5135
y_rep[2867];0.48225
y_rep[2868];0.51725
y_rep[2869];0.4285
y_rep[2870];0.35175
y_rep[2871];0.56575
y_rep[2872];0.34025
y_rep[2873];0.37975
y_rep[2874];0.56625
y_rep[2875];0.47125
y_rep[2876];0.402
y_rep[2877];0.34575
y_rep[2878];0.58025
y_rep[2879];0.50175
y_rep[2880];0.399
y_rep[2881];0.45825
y_rep[2882];0.37925
y_rep[2883];0.40025
y_rep[2884];0.58375
y_rep[2885];0.57
y_rep[2886];0.42325
y_rep[2887];0.4505
y_rep[2888];0.58575
y_rep[2889];0.58825
y_rep[2890];0.54625
y_rep[2891];0.555
y_rep[2892];0.36125
y_rep[2893];0.35425
y_rep[2894];0.38775
y_rep[2895];0.36825
y_rep[2896];0.383
y_rep[2897];0.39825
y_rep[2898];0.35275
y_rep[2899];0.48775
y_rep[2900];0.5765
y_rep[2901];0.571
y_rep[2902];0.46475
y_rep[2903];0.4795
y_rep[2904];0.388
y_rep[2905];0.52075
y_rep[2906];0.4885
y_rep[2907];0.37625
y_rep[2908];0.54575
y_rep[2909];0.34575
y_rep[2910];0.55975
y_rep[2911];0.34525
y_rep[2912];0.39375
y_rep[2913];0.56325
y_rep[2914];0.57875
y_rep[2915];0.469
y_rep[2916];0.3185
y_rep[2917];0.4055
y_rep[2918];0.588
y_rep[2919];0.35675
y_rep[2920];0.3645
y_rep[2921];0.43775
y_rep[2922];0.379
y_rep[2923];0.33425
y_rep[2924];0.48425
y_rep[2925];0.34425
y_rep[2926];0.37925
y_rep[2927];0.551
y_rep[2928];0.3645
y_rep[2929];0.52725
y_rep[2930];0.382
y_rep[2931];0.3545
y_rep[2932];0.36375
y_rep[2933];0.3765
y_rep[2934];0.369
y_rep[2935];0.5405
y_rep[2936];0.45325
y_rep[2937];0.56125
y_rep[2938];0.546
y_rep[2939];0.577
y_rep[2940];0.54125
y_rep[2941];0.521
y_rep[2942];0.39
y_rep[2943];0.5455
y_rep[2944];0.3965
y_rep[2945];0.37825
y_rep[2946];0.58425
y_rep[2947];0.507
y_rep[2948];0.39975
y_rep[2949];0.53825
y_rep[2950];0.54075
y_rep[2951];0.534
y_rep[2952];0.37475
y_rep[2953];0.3745
y_rep[2954];0.5535
y_rep[2955];0.35025
y_rep[2956];0.356
y_rep[2957];0.59275
y_rep[2958];0.49525
y_rep[2959];0.35475
y_rep[2960];0.34275
y_rep[2961];0.57
y_rep[2962];0.493
y_rep[2963];0.3855
y_rep[2964];0.34525
y_rep[2965];0.408
y_rep[2966];0.51825
y_rep[2967];0.34875
y_rep[2968];0.4875
y_rep[2969];0.39575
y_rep[2970];0.58125
y_rep[2971];0.5135
y_rep[2972];0.39375
y_rep[2973];0.564
y_rep[2974];0.37025
y_rep[2975];0.3355
y_rep[2976];0.43125
y_rep[2977];0.3485
y_rep[2978];0.3635
y_rep[2979];0.38325
y_rep[2980];0.3495
y_rep[2981];0.385
y_rep[2982];0.38775
y_rep[2983];0.402
y_rep[2984];0.402
y_rep[2985];0.58675
y_rep[2986];0.5115
y_rep[2987];0.53675
y_rep[2988];0.37875
y_rep[2989];0.3605
y_rep[2990];0.43525
y_rep[2991];0.53125
y_rep[2992];0.35375
y_rep[2993];0.40125
y_rep[2994];0.577
y_rep[2995];0.559
y_rep[2996];0.3505
y_rep[2997];0.406
y_rep[2998];0.47825
y_rep[2999];0.36675
y_rep[3000];0.50525
y_rep[3001];0.37325
y_rep[3002];0.518
y_rep[3003];0.51675
y_rep[3004];0.43375
y_rep[3005];0.36575
y_rep[3006];0.344
y_rep[3007];0.341
y_rep[3008];0.39075
y_rep[3009];0.36075
y_rep[3010];0.51175
y_rep[3011];0.305
y_rep[3012];0.34025
y_rep[3013];0.3515
y_rep[3014];0.51675
y_rep[3015];0.449
y_rep[3016];0.39775
y_rep[3017];0.37675
y_rep[3018];0.35525
y_rep[3019];0.52275
y_rep[3020];0.39875
y_rep[3021];0.346
y_rep[3022];0.56225
y_rep[3023];0.3955
y_rep[3024];0.32575
y_rep[3025];0.35825
y_rep[3026];0.373
y_rep[3027];0.41425
y_rep[3028];0.3735
y_rep[3029];0.4035
y_rep[3030];0.36925
y_rep[3031];0.34575
y_rep[3032];0.393
y_rep[3033];0.39225
y_rep[3034];0.3555
y_rep[3035];0.5615
y_rep[3036];0.57225
y_rep[3037];0.34625
y_rep[3038];0.50575
y_rep[3039];0.60375
y_rep[3040];0.58175
y_rep[3041];0.454
y_rep[3042];0.575
y_rep[3043];0.5115
y_rep[3044];0.35875
y_rep[3045];0.51925
y_rep[3046];0.40275
y_rep[3047];0.401
y_rep[3048];0.59
y_rep[3049];0.4735
y_rep[3050];0.366
y_rep[3051];0.382
y_rep[3052];0.55975
y_rep[3053];0.34675
y_rep[3054];0.56025
y_rep[3055];0.35325
y_rep[3056];0.33725
y_rep[3057];0.5795
y_rep[3058];0.51825
y_rep[3059];0.3555
y_rep[3060];0.34175
y_rep[3061];0.58025
y_rep[3062];0.45375
y_rep[3063];0.37675
y_rep[3064];0.34575
y_rep[3065];0.4045
y_rep[3066];0.4165
y_rep[3067];0.38225
y_rep[3068];0.574
y_rep[3069];0.54375
y_rep[3070];0.57975
y_rep[3071];0.58325
y_rep[3072];0.34975
y_rep[3073];0.3695
y_rep[3074];0.39175
y_rep[3075];0.4175
y_rep[3076];0.40825
y_rep[3077];0.3365
y_rep[3078];0.3435
y_rep[3079];0.354
y_rep[3080];0.5765
y_rep[3081];0.5545
y_rep[3082];0.561
y_rep[3083];0.376
y_rep[3084];0.56675
y_rep[3085];0.5825
y_rep[3086];0.378
y_rep[3087];0.4115
y_rep[3088];0.38825
y_rep[3089];0.53375
y_rep[3090];0.5225
y_rep[3091];0.58025
y_rep[3092];0.483
y_rep[3093];0.4055
y_rep[3094];0.3885
y_rep[3095];0.351
y_rep[3096];0.58625
y_rep[3097];0.54575
y_rep[3098];0.35775
y_rep[3099];0.583
y_rep[3100];0.52975
y_rep[3101];0.39225
y_rep[3102];0.341
y_rep[3103];0.5505
y_rep[3104];0.39125
y_rep[3105];0.39225
y_rep[3106];0.50725
y_rep[3107];0.4515
y_rep[3108];0.35825
y_rep[3109];0.34225
y_rep[3110];0.375
y_rep[3111];0.3595
y_rep[3112];0.43525
y_rep[3113];0.34875
y_rep[3114];0.34475
y_rep[3115];0.58825
y_rep[3116];0.3485
y_rep[3117];0.57
y_rep[3118];0.54
y_rep[3119];0.33675
y_rep[3120];0.35325
y_rep[3121];0.38975
y_rep[3122];0.57825
y_rep[3123];0.58025
y_rep[3124];0.42575
y_rep[3125];0.41875
y_rep[3126];0.404
y_rep[3127];0.48125
y_rep[3128];0.47175
y_rep[3129];0.353
y_rep[3130];0.35725
y_rep[3131];0.36225
y_rep[3132];0.5645
y_rep[3133];0.54125
y_rep[3134];0.36425
y_rep[3135];0.34875
y_rep[3136];0.52625
y_rep[3137];0.59025
y_rep[3138];0.434
y_rep[3139];0.39675
y_rep[3140];0.33075
y_rep[3141];0.349
y_rep[3142];0.34325
y_rep[3143];0.379
y_rep[3144];0.348
y_rep[3145];0.3635
y_rep[3146];0.35525
y_rep[3147];0.36725
y_rep[3148];0.432
y_rep[3149];0.388
y_rep[3150];0.39175
y_rep[3151];0.357
y_rep[3152];0.57475
y_rep[3153];0.56125
y_rep[3154];0.582
y_rep[3155];0.3565
y_rep[3156];0.3715
y_rep[3157];0.57375
y_rep[3158];0.37925
y_rep[3159];0.5945
y_rep[3160];0.54225
y_rep[3161];0.3505
y_rep[3162];0.476
y_rep[3163];0.49825
y_rep[3164];0.51575
y_rep[3165];0.3635
y_rep[3166];0.341
y_rep[3167];0.5275
y_rep[3168];0.5585
y_rep[3169];0.59325
y_rep[3170];0.5965
y_rep[3171];0.55
y_rep[3172];0.4035
y_rep[3173];0.399
y_rep[3174];0.3425
y_rep[3175];0.34375
y_rep[3176];0.3955
y_rep[3177];0.35625
y_rep[3178];0.35725
y_rep[3179];0.35275
y_rep[3180];0.36525
y_rep[3181];0.57975
y_rep[3182];0.54125
y_rep[3183];0.42675
y_rep[3184];0.56575
y_rep[3185];0.57875
y_rep[3186];0.57275
y_rep[3187];0.58225
y_rep[3188];0.38875
y_rep[3189];0.462
y_rep[3190];0.53425
y_rep[3191];0.50175
y_rep[3192];0.36275
y_rep[3193];0.45975
y_rep[3194];0.56725
y_rep[3195];0.59425
y_rep[3196];0.3745
y_rep[3197];0.3755
y_rep[3198];0.5145
y_rep[3199];0.57175
y_rep[3200];0.60725
y_rep[3201];0.34825
y_rep[3202];0.38875
y_rep[3203];0.565
y_rep[3204];0.4855
y_rep[3205];0.581
y_rep[3206];0.55675
y_rep[3207];0.5285
y_rep[3208];0.56275
y_rep[3209];0.59525
y_rep[3210];0.49925
y_rep[3211];0.5395
y_rep[3212];0.419
y_rep[3213];0.58525
y_rep[3214];0.37875
y_rep[3215];0.5785
y_rep[3216];0.4435
y_rep[3217];0.354
y_rep[3218];0.3705
y_rep[3219];0.488
y_rep[3220];0.56325
y_rep[3221];0.4095
y_rep[3222];0.409
y_rep[3223];0.499
y_rep[3224];0.56075
y_rep[3225];0.5465
y_rep[3226];0.5495
y_rep[3227];0.3825
y_rep[3228];0.35625
y_rep[3229];0.3805
y_rep[3230];0.50425
y_rep[3231];0.38675
y_rep[3232];0.34425
y_rep[3233];0.55625
y_rep[3234];0.5035
y_rep[3235];0.47275
y_rep[3236];0.396
y_rep[3237];0.35325
y_rep[3238];0.351
y_rep[3239];0.3895
y_rep[3240];0.39025
y_rep[3241];0.40275
y_rep[3242];0.408
y_rep[3243];0.378
y_rep[3244];0.55675
y_rep[3245];0.58675
y_rep[3246];0.5875
y_rep[3247];0.58
y_rep[3248];0.5485
y_rep[3249];0.57575
y_rep[3250];0.582
y_rep[3251];0.57325
y_rep[3252];0.34575
y_rep[3253];0.557
y_rep[3254];0.53775
y_rep[3255];0.576
y_rep[3256];0.357
y_rep[3257];0.599
y_rep[3258];0.3545
y_rep[3259];0.53125
y_rep[3260];0.532
y_rep[3261];0.43375
y_rep[3262];0.40375
y_rep[3263];0.34825
y_rep[3264];0.584
y_rep[3265];0.3515
y_rep[3266];0.5725
y_rep[3267];0.57625
y_rep[3268];0.3675
y_rep[3269];0.55925
y_rep[3270];0.34825
y_rep[3271];0.368
y_rep[3272];0.56225
y_rep[3273];0.5355
y_rep[3274];0.34275
y_rep[3275];0.4115
y_rep[3276];0.36825
y_rep[3277];0.42375
y_rep[3278];0.392
y_rep[3279];0.36575
y_rep[3280];0.463
y_rep[3281];0.5165
y_rep[3282];0.50725
y_rep[3283];0.3765
y_rep[3284];0.3465
y_rep[3285];0.537
y_rep[3286];0.53625
y_rep[3287];0.51175
y_rep[3288];0.4465
y_rep[3289];0.387
y_rep[3290];0.3455
y_rep[3291];0.37975
y_rep[3292];0.385
y_rep[3293];0.597
y_rep[3294];0.49475
y_rep[3295];0.54375
y_rep[3296];0.5675
y_rep[3297];0.57975
y_rep[3298];0.55925
y_rep[3299];0.37675
y_rep[3300];0.4885
y_rep[3301];0.384
y_rep[3302];0.39275
y_rep[3303];0.57575
y_rep[3304];0.5665
y_rep[3305];0.37625
y_rep[3306];0.35325
y_rep[3307];0.3325
y_rep[3308];0.567
y_rep[3309];0.43725
y_rep[3310];0.39575
y_rep[3311];0.39075
y_rep[3312];0.59425
y_rep[3313];0.409
y_rep[3314];0.46125
y_rep[3315];0.58325
y_rep[3316];0.585
y_rep[3317];0.40575
y_rep[3318];0.40175
y_rep[3319];0.4235
y_rep[3320];0.34525
y_rep[3321];0.5295
y_rep[3322];0.3585
y_rep[3323];0.40625
y_rep[3324];0.57775
y_rep[3325];0.472
y_rep[3326];0.59925
y_rep[3327];0.48075
y_rep[3328];0.548
y_rep[3329];0.55925
y_rep[3330];0.57375
y_rep[3331];0.4045
y_rep[3332];0.3695
y_rep[3333];0.338
y_rep[3334];0.5555
y_rep[3335];0.5715
y_rep[3336];0.35975
y_rep[3337];0.3585
y_rep[3338];0.57575
y_rep[3339];0.58725
y_rep[3340];0.486
y_rep[3341];0.34075
y_rep[3342];0.33175
y_rep[3343];0.359
y_rep[3344];0.56375
y_rep[3345];0.47825
y_rep[3346];0.3325
y_rep[3347];0.3385
y_rep[3348];0.55475
y_rep[3349];0.38675
y_rep[3350];0.3665
y_rep[3351];0.343
y_rep[3352];0.5625
y_rep[3353];0.379
y_rep[3354];0.34675
y_rep[3355];0.37325
y_rep[3356];0.351
y_rep[3357];0.42025
y_rep[3358];0.4035
y_rep[3359];0.43025
y_rep[3360];0.365
y_rep[3361];0.52875
y_rep[3362];0.3915
y_rep[3363];0.34125
y_rep[3364];0.3635
y_rep[3365];0.38025
y_rep[3366];0.5525
y_rep[3367];0.53175
y_rep[3368];0.37725
y_rep[3369];0.5745
y_rep[3370];0.416
y_rep[3371];0.41375
y_rep[3372];0.55575
y_rep[3373];0.58175
y_rep[3374];0.3765
y_rep[3375];0.596
y_rep[3376];0.5555
y_rep[3377];0.3545
y_rep[3378];0.589
y_rep[3379];0.49025
y_rep[3380];0.35825
y_rep[3381];0.35075
y_rep[3382];0.573
y_rep[3383];0.4755
y_rep[3384];0.357
y_rep[3385];0.348
y_rep[3386];0.58575
y_rep[3387];0.5725
y_rep[3388];0.5365
y_rep[3389];0.58275
y_rep[3390];0.4225
y_rep[3391];0.40175
y_rep[3392];0.57525
y_rep[3393];0.369
y_rep[3394];0.34775
y_rep[3395];0.581
y_rep[3396];0.3895
y_rep[3397];0.37675
y_rep[3398];0.53825
y_rep[3399];0.53525
y_rep[3400];0.56075
y_rep[3401];0.575
y_rep[3402];0.39825
y_rep[3403];0.48925
y_rep[3404];0.40325
y_rep[3405];0.36675
y_rep[3406];0.487
y_rep[3407];0.3625
y_rep[3408];0.55825
y_rep[3409];0.57575
y_rep[3410];0.572
y_rep[3411];0.5495
y_rep[3412];0.56225
y_rep[3413];0.563
y_rep[3414];0.3825
y_rep[3415];0.57975
y_rep[3416];0.52975
y_rep[3417];0.52975
y_rep[3418];0.386
y_rep[3419];0.3525
y_rep[3420];0.5795
y_rep[3421];0.3835
y_rep[3422];0.43025
y_rep[3423];0.573
y_rep[3424];0.36625
y_rep[3425];0.35
y_rep[3426];0.392
y_rep[3427];0.45375
y_rep[3428];0.41725
y_rep[3429];0.35075
y_rep[3430];0.582
y_rep[3431];0.588
y_rep[3432];0.383
y_rep[3433];0.387
y_rep[3434];0.5765
y_rep[3435];0.3675
y_rep[3436];0.57075
y_rep[3437];0.57475
y_rep[3438];0.5795
y_rep[3439];0.34975
y_rep[3440];0.343
y_rep[3441];0.3645
y_rep[3442];0.366
y_rep[3443];0.584
y_rep[3444];0.57
y_rep[3445];0.442
y_rep[3446];0.385
y_rep[3447];0.38925
y_rep[3448];0.36675
y_rep[3449];0.3845
y_rep[3450];0.3625
y_rep[3451];0.40675
y_rep[3452];0.5885
y_rep[3453];0.57925
y_rep[3454];0.36425
y_rep[3455];0.3345
y_rep[3456];0.38225
y_rep[3457];0.58425
y_rep[3458];0.35675
y_rep[3459];0.57725
y_rep[3460];0.37225
y_rep[3461];0.3895
y_rep[3462];0.40575
y_rep[3463];0.38225
y_rep[3464];0.58275
y_rep[3465];0.495
y_rep[3466];0.355
y_rep[3467];0.57375
y_rep[3468];0.5315
y_rep[3469];0.4065
y_rep[3470];0.39275
y_rep[3471];0.501
y_rep[3472];0.4285
y_rep[3473];0.56275
y_rep[3474];0.337
y_rep[3475];0.3815
y_rep[3476];0.34975
y_rep[3477];0.58975
y_rep[3478];0.60075
y_rep[3479];0.47825
y_rep[3480];0.44475
y_rep[3481];0.433
y_rep[3482];0.568
y_rep[3483];0.5585
y_rep[3484];0.342
y_rep[3485];0.52675
y_rep[3486];0.5785
y_rep[3487];0.418
y_rep[3488];0.41325
y_rep[3489];0.58375
y_rep[3490];0.5825
y_rep[3491];0.412
y_rep[3492];0.33925
y_rep[3493];0.55825
y_rep[3494];0.3465
y_rep[3495];0.3705
y_rep[3496];0.5885
y_rep[3497];0.52925
y_rep[3498];0.41175
y_rep[3499];0.54
y_rep[3500];0.56575
y_rep[3501];0.435
y_rep[3502];0.40575
y_rep[3503];0.3815
y_rep[3504];0.37925
y_rep[3505];0.544
y_rep[3506];0.5585
y_rep[3507];0.569
y_rep[3508];0.5145
y_rep[3509];0.34825
y_rep[3510];0.5905
y_rep[3511];0.5855
y_rep[3512];0.5805
y_rep[3513];0.37225
y_rep[3514];0.3985
y_rep[3515];0.3705
y_rep[3516];0.59525
y_rep[3517];0.55475
y_rep[3518];0.57525
y_rep[3519];0.39775
y_rep[3520];0.51725
y_rep[3521];0.559
y_rep[3522];0.39775
y_rep[3523];0.35775
y_rep[3524];0.5605
y_rep[3525];0.40575
y_rep[3526];0.52725
y_rep[3527];0.57725
y_rep[3528];0.54675
y_rep[3529];0.373
y_rep[3530];0.3675
y_rep[3531];0.38375
y_rep[3532];0.49775
y_rep[3533];0.56125
y_rep[3534];0.37925
y_rep[3535];0.3755
y_rep[3536];0.55025
y_rep[3537];0.504
y_rep[3538];0.463
y_rep[3539];0.38575
y_rep[3540];0.37975
y_rep[3541];0.41
y_rep[3542];0.57725
y_rep[3543];0.3805
y_rep[3544];0.57725
y_rep[3545];0.56025
y_rep[3546];0.37225
y_rep[3547];0.359
y_rep[3548];0.4765
y_rep[3549];0.577
y_rep[3550];0.35575
y_rep[3551];0.37225
y_rep[3552];0.398
y_rep[3553];0.3935
y_rep[3554];0.522
y_rep[3555];0.5655
y_rep[3556];0.57425
y_rep[3557];0.5775
y_rep[3558];0.57725
y_rep[3559];0.41975
y_rep[3560];0.362
y_rep[3561];0.3745
y_rep[3562];0.3415
y_rep[3563];0.39825
y_rep[3564];0.4945
y_rep[3565];0.579
y_rep[3566];0.508
y_rep[3567];0.41175
y_rep[3568];0.563
y_rep[3569];0.36125
y_rep[3570];0.34775
y_rep[3571];0.5785
y_rep[3572];0.58075
y_rep[3573];0.4235
y_rep[3574];0.382
y_rep[3575];0.58825
y_rep[3576];0.3975
y_rep[3577];0.348
y_rep[3578];0.5745
y_rep[3579];0.341
y_rep[3580];0.39125
y_rep[3581];0.40075
y_rep[3582];0.401
y_rep[3583];0.57425
y_rep[3584];0.401
y_rep[3585];0.3925
y_rep[3586];0.588
y_rep[3587];0.4215
y_rep[3588];0.35125
y_rep[3589];0.33275
y_rep[3590];0.5715
y_rep[3591];0.5585
y_rep[3592];0.39925
y_rep[3593];0.4915
y_rep[3594];0.56675
y_rep[3595];0.37925
y_rep[3596];0.38
y_rep[3597];0.57625
y_rep[3598];0.402
y_rep[3599];0.39525
y_rep[3600];0.541
y_rep[3601];0.59325
y_rep[3602];0.5875
y_rep[3603];0.407
y_rep[3604];0.552
y_rep[3605];0.39625
y_rep[3606];0.36425
y_rep[3607];0.374
y_rep[3608];0.4845
y_rep[3609];0.57725
y_rep[3610];0.37575
y_rep[3611];0.3485
y_rep[3612];0.40225
y_rep[3613];0.55275
y_rep[3614];0.58375
y_rep[3615];0.59175
y_rep[3616];0.459
y_rep[3617];0.388
y_rep[3618];0.35075
y_rep[3619];0.36875
y_rep[3620];0.3715
y_rep[3621];0.57475
y_rep[3622];0.594
y_rep[3623];0.578
y_rep[3624];0.55225
y_rep[3625];0.34975
y_rep[3626];0.46325
y_rep[3627];0.567
y_rep[3628];0.565
y_rep[3629];0.411
y_rep[3630];0.42775
y_rep[3631];0.53825
y_rep[3632];0.57125
y_rep[3633];0.4055
y_rep[3634];0.395
y_rep[3635];0.587
y_rep[3636];0.57375
y_rep[3637];0.34975
y_rep[3638];0.50125
y_rep[3639];0.41125
y_rep[3640];0.39
y_rep[3641];0.574
y_rep[3642];0.5735
y_rep[3643];0.3985
y_rep[3644];0.526
y_rep[3645];0.34125
y_rep[3646];0.53025
y_rep[3647];0.4255
y_rep[3648];0.3895
y_rep[3649];0.5575
y_rep[3650];0.383
y_rep[3651];0.382
y_rep[3652];0.48
y_rep[3653];0.5435
y_rep[3654];0.40525
y_rep[3655];0.369
y_rep[3656];0.5765
y_rep[3657];0.57325
y_rep[3658];0.39175
y_rep[3659];0.36775
y_rep[3660];0.591
y_rep[3661];0.4135
y_rep[3662];0.4765
y_rep[3663];0.574
y_rep[3664];0.38325
y_rep[3665];0.38
y_rep[3666];0.42625
y_rep[3667];0.53475
y_rep[3668];0.41125
y_rep[3669];0.37075
y_rep[3670];0.3765
y_rep[3671];0.40825
y_rep[3672];0.4675
y_rep[3673];0.557
y_rep[3674];0.34875
y_rep[3675];0.34775
y_rep[3676];0.5845
y_rep[3677];0.4375
y_rep[3678];0.55025
y_rep[3679];0.433
y_rep[3680];0.59875
y_rep[3681];0.57375
y_rep[3682];0.56775
y_rep[3683];0.3965
y_rep[3684];0.3765
y_rep[3685];0.578
y_rep[3686];0.38725
y_rep[3687];0.5845
y_rep[3688];0.39325
y_rep[3689];0.5105
y_rep[3690];0.4245
y_rep[3691];0.40775
y_rep[3692];0.572
y_rep[3693];0.39575
y_rep[3694];0.385
y_rep[3695];0.50175
y_rep[3696];0.3515
y_rep[3697];0.3555
y_rep[3698];0.4095
y_rep[3699];0.4025
y_rep[3700];0.363
y_rep[3701];0.5215
y_rep[3702];0.58575
y_rep[3703];0.37275
y_rep[3704];0.422
y_rep[3705];0.508
y_rep[3706];0.56475
y_rep[3707];0.3695
y_rep[3708];0.472
y_rep[3709];0.46175
y_rep[3710];0.4195
y_rep[3711];0.35375
y_rep[3712];0.47175
y_rep[3713];0.387
y_rep[3714];0.3655
y_rep[3715];0.397
y_rep[3716];0.44025
y_rep[3717];0.412
y_rep[3718];0.37
y_rep[3719];0.53275